variant,seed,round,mean_advantage_std
Full,3407,1,34.0469038963318
Full,3407,2,37.5080657958984
Full,3407,3,32.8688940048218
Full,3407,4,35.339727306366
Full,3407,5,32.5838212966919
Full,3407,6,33.9922181129456
Full,3407,7,37.5973492622376
Full,3407,8,29.1995778083801
Full,3407,9,37.7325558662415
Full,3407,10,32.622039604187
Full,3407,11,33.1858563423157
Full,3407,12,31.1288871765137
Full,3407,13,32.5742910385132
Full,3407,14,35.1525226593018
Full,3407,15,30.5023358345032
Full,3407,16,36.0096247673035
Full,3407,17,33.0546753883362
Full,3407,18,32.1480228900909
Full,3407,19,32.8955257415771
Full,3407,20,33.214223575592
Full,3407,21,31.3224761009216
Full,3407,22,30.990544128418
Full,3407,23,35.0759609222412
Full,3407,24,32.174458026886
Full,3407,25,29.4496034622192
Full,3407,26,33.5112579345703
Full,3407,27,33.7974708080292
Full,3407,28,36.2130086898804
Full,3407,29,32.9156875610352
Full,3407,30,31.8731262207031
Full,3407,31,34.6847043037415
Full,3407,32,34.9453182220459
Full,3407,33,31.1670697212219
Full,3407,34,32.2146357536316
Full,3407,35,35.2059432983398
Full,3407,36,32.8543860912323
Full,3407,37,33.2621010780334
Full,3407,38,34.8149803161621
Full,3407,39,35.4692582130432
Full,3407,40,31.5362336158752
Full,3407,41,35.8211725234985
Full,3407,42,34.2543270111084
Full,3407,43,31.3534977912903
Full,3407,44,34.0748803138733
Full,3407,45,30.7701972961426
Full,3407,46,36.2100190162659
Full,3407,47,31.4470554828644
Full,3407,48,29.8996777534485
Full,3407,49,33.7253538131714
Full,3407,50,32.5110388755798
Full,3407,51,32.1154109954834
Full,3407,52,29.4270322799683
Full,3407,53,30.8522550582886
Full,3407,54,31.8678452968597
Full,3407,55,31.2603386878967
Full,3407,56,34.3708934783936
Full,3407,57,31.9597060203552
Full,3407,58,32.0212283611298
Full,3407,59,32.6048009872436
Full,3407,60,32.2014384269714
Full,3407,61,28.6135231018066
Full,3407,62,31.4171356201172
Full,3407,63,31.6862717628479
Full,3407,64,30.0144876480103
Full,3407,65,33.7214170455933
Full,3407,66,37.4886570930481
Full,3407,67,29.9361856460571
Full,3407,68,34.4103918075562
Full,3407,69,33.9802470207214
Full,3407,70,33.3532331466675
Full,3407,71,29.2466033935547
Full,3407,72,33.2820515632629
Full,3407,73,30.8976209640503
Full,3407,74,32.7276191711426
Full,3407,75,32.5586894035339
Full,3407,76,33.354070186615
Full,3407,77,32.7519148826599
Full,3407,78,29.2991940498352
Full,3407,79,34.3237926483154
Full,3407,80,30.2762063026428
Full,3407,81,32.3470613479614
Full,3407,82,31.9752683639526
Full,3407,83,30.4946545600891
Full,3407,84,30.296643447876
Full,3407,85,30.6880323410034
Full,3407,86,30.9843102455139
Full,3407,87,29.4717958450317
Full,3407,88,31.2213616371155
Full,3407,89,30.8762738227844
Full,3407,90,28.9848864555359
Full,3407,91,29.8084491729736
Full,3407,92,28.9504609107971
Full,3407,93,32.2802401542664
Full,3407,94,28.9237548828125
Full,3407,95,33.3033763885498
Full,3407,96,27.126228094101
Full,3407,97,31.8030881881714
Full,3407,98,28.648597240448
Full,3407,99,29.9451412200928
Full,3407,100,31.1704080581665
Full,3407,101,33.0343991279602
Full,3407,102,26.6093367576599
Full,3407,103,29.603351020813
Full,3407,104,30.7831089019775
Full,3407,105,31.3684960365295
Full,3407,106,27.0866191864014
Full,3407,107,26.1323558807373
Full,3407,108,32.4217524528503
Full,3407,109,29.6651853561401
Full,3407,110,25.7791879653931
Full,3407,111,31.4028193950653
Full,3407,112,30.324497127533
Full,3407,113,32.1272435188293
Full,3407,114,25.9007431030273
Full,3407,115,29.1014449119568
Full,3407,116,28.7597570419312
Full,3407,117,26.0378724575043
Full,3407,118,26.1085746765137
Full,3407,119,30.1326222419739
Full,3407,120,27.649179983139
Full,3407,121,28.4921845912933
Full,3407,122,28.6308550834656
Full,3407,123,30.09005651474
Full,3407,124,28.7993140220642
Full,3407,125,24.7420764923096
Full,3407,126,27.5668354988098
Full,3407,127,24.9726260185242
Full,3407,128,29.0628119468689
Full,3407,129,25.7463700294495
Full,3407,130,26.8956132888794
Full,3407,131,32.1126443862915
Full,3407,132,26.325751543045
Full,3407,133,27.4409021377563
Full,3407,134,25.5255350112915
Full,3407,135,27.9110927581787
Full,3407,136,29.3740755081177
Full,3407,137,24.5918351173401
Full,3407,138,26.4632437705994
Full,3407,139,31.9647486686707
Full,3407,140,27.9680466651917
Full,3407,141,27.2880547523499
Full,3407,142,29.1174236297607
Full,3407,143,29.9083138465881
Full,3407,144,25.8499361038208
Full,3407,145,25.346920633316
Full,3407,146,27.394747543335
Full,3407,147,26.4809892654419
Full,3407,148,27.61156873703
Full,3407,149,26.8003519058228
Full,3407,150,26.4546509742737
Full,3407,151,29.4400608062744
Full,3407,152,26.8730457305908
Full,3407,153,26.1112205505371
Full,3407,154,27.9171118736267
Full,3407,155,26.941453742981
Full,3407,156,27.4857080459595
Full,3407,157,26.5377826690674
Full,3407,158,29.2798871994019
Full,3407,159,25.9323404312134
Full,3407,160,28.6079387664795
Full,3407,161,29.110168838501
Full,3407,162,25.3699378013611
Full,3407,163,28.1875847816467
Full,3407,164,27.8553690910339
Full,3407,165,25.8987597465515
Full,3407,166,26.4407621383667
Full,3407,167,28.7285172462463
Full,3407,168,26.4246565818787
Full,3407,169,24.3560380935669
Full,3407,170,28.3646179199219
Full,3407,171,24.9046359539032
Full,3407,172,26.9479603767395
Full,3407,173,28.1659666061401
Full,3407,174,26.5069927692413
Full,3407,175,27.0524993896484
Full,3407,176,23.5091550827026
Full,3407,177,27.4095762252808
Full,3407,178,24.9419845581055
Full,3407,179,31.002383518219
Full,3407,180,25.2993620872498
Full,3407,181,28.1199683189392
Full,3407,182,26.786456489563
Full,3407,183,28.2670590400696
Full,3407,184,26.7585565567017
Full,3407,185,26.4133769035339
Full,3407,186,27.1033037185669
Full,3407,187,25.9298789978027
Full,3407,188,26.0893177032471
Full,3407,189,25.6106152534485
Full,3407,190,27.1048122406006
Full,3407,191,26.5765582084656
Full,3407,192,29.595751953125
Full,3407,193,26.3785776138306
Full,3407,194,24.9664688110352
Full,3407,195,25.8585660934448
Full,3407,196,28.743609046936
Full,3407,197,27.548118686676
Full,3407,198,28.2660655975342
Full,3407,199,28.6896615982056
Full,3407,200,24.9766445159912
Full,3407,201,27.4250226020813
Full,3407,202,26.3429248332977
Full,3407,203,26.1669575691223
Full,3407,204,26.042981338501
Full,3407,205,26.971364402771
Full,3407,206,28.9313515663147
Full,3407,207,28.9856064796448
Full,3407,208,27.9441571235657
Full,3407,209,29.845124912262
Full,3407,210,25.7979989051819
Full,3407,211,24.4493657588959
Full,3407,212,24.8439759254456
Full,3407,213,25.7940017700195
Full,3407,214,27.1403262138367
Full,3407,215,25.9280093193054
Full,3407,216,24.6218965530396
Full,3407,217,26.4771077156067
Full,3407,218,25.9854164123535
Full,3407,219,28.3804749488831
Full,3407,220,27.1328999519348
Full,3407,221,27.3011923789978
Full,3407,222,25.3515732765198
Full,3407,223,28.9705331325531
Full,3407,224,24.794460105896
Full,3407,225,27.621981716156
Full,3407,226,27.3872087478638
Full,3407,227,26.7100860595703
Full,3407,228,26.1357384681702
Full,3407,229,27.1107327461243
Full,3407,230,27.6503412246704
Full,3407,231,24.8017063140869
Full,3407,232,25.3851616859436
Full,3407,233,28.1663888931274
Full,3407,234,28.4205767631531
Full,3407,235,25.6027130126953
Full,3407,236,26.484281539917
Full,3407,237,26.7863121986389
Full,3407,238,28.2872391700745
Full,3407,239,23.7473360061646
Full,3407,240,28.6264234542847
Full,3407,241,25.7218832015991
Full,3407,242,24.4750823974609
Full,3407,243,26.3075570106506
Full,3407,244,23.7067054748535
Full,3407,245,25.3011158943176
Full,3407,246,28.0737785339355
Full,3407,247,26.9955810546875
Full,3407,248,24.3285664558411
Full,3407,249,26.6006631851196
Full,3407,250,23.7737877845764
Full,3407,251,24.4907875061035
Full,3407,252,24.3606083869934
Full,3407,253,24.5273420333862
Full,3407,254,25.4346377372742
Full,3407,255,26.7378373146057
Full,3407,256,29.9911895751953
Full,3407,257,25.3950743675232
Full,3407,258,25.6143261909485
Full,3407,259,26.8690592765808
Full,3407,260,26.5922011375427
Full,3407,261,26.4740343093872
Full,3407,262,25.7210851669312
Full,3407,263,27.114101600647
Full,3407,264,24.4518511772156
Full,3407,265,24.1580279350281
Full,3407,266,26.2397367477417
Full,3407,267,25.7781498908997
Full,3407,268,29.1317749977112
Full,3407,269,24.4289620399475
Full,3407,270,26.9753820419312
Full,3407,271,25.9176519393921
Full,3407,272,25.9311243057251
Full,3407,273,27.526957321167
Full,3407,274,27.3461109161377
Full,3407,275,25.3459489822388
Full,3407,276,28.3839599609375
Full,3407,277,25.6420426368713
Full,3407,278,24.5260563850403
Full,3407,279,27.2156817436218
Full,3407,280,27.1699905395508
Full,3407,281,25.9715759277344
Full,3407,282,27.0356715202332
Full,3407,283,25.8731637001038
Full,3407,284,25.3452330112457
Full,3407,285,25.3770995140076
Full,3407,286,23.8008093357086
Full,3407,287,24.0187755584717
Full,3407,288,25.4962658882141
Full,3407,289,27.5535588264465
Full,3407,290,25.8300377845764
Full,3407,291,23.8940235137939
Full,3407,292,23.7855478286743
Full,3407,293,26.3410978794098
Full,3407,294,24.2686938285828
Full,3407,295,28.0593878746033
Full,3407,296,26.046866607666
Full,3407,297,27.2036968231201
Full,3407,298,25.95915184021
Full,3407,299,29.4684632301331
Full,3407,300,25.855518245697
Full,3407,301,25.6841216087341
Full,3407,302,21.9164433479309
Full,3407,303,23.9509279727936
Full,3407,304,26.742325592041
Full,3407,305,23.1861228942871
Full,3407,306,27.2901587486267
Full,3407,307,24.4594187736511
Full,3407,308,26.0396139144897
Full,3407,309,24.3104908943176
Full,3407,310,23.124477481842
Full,3407,311,26.6071051597595
Full,3407,312,26.4997760772705
Full,3407,313,25.8765909194946
Full,3407,314,25.5873375892639
Full,3407,315,26.4316186904907
Full,3407,316,24.3874895095825
Full,3407,317,28.1537341117859
Full,3407,318,26.5199851036072
Full,3407,319,27.4895970344543
Full,3407,320,25.4695672988892
Full,3407,321,26.0692475318909
Full,3407,322,23.5318616867065
Full,3407,323,25.0353349685669
Full,3407,324,26.7321448326111
Full,3407,325,26.048412322998
Full,3407,326,26.2989806175232
Full,3407,327,23.8220830917358
Full,3407,328,23.7176571846008
Full,3407,329,23.9695712089539
Full,3407,330,26.4076656341553
Full,3407,331,24.8621402740479
Full,3407,332,26.2919372558594
Full,3407,333,23.3401734352112
Full,3407,334,23.4423992156982
Full,3407,335,23.7883472442627
Full,3407,336,25.6238945960999
Full,3407,337,25.775301361084
Full,3407,338,24.5640780448914
Full,3407,339,26.057322883606
Full,3407,340,26.0136721611023
Full,3407,341,25.3863724708557
Full,3407,342,24.144820022583
Full,3407,343,27.3028173446655
Full,3407,344,25.5967807769775
Full,3407,345,24.5147818565369
Full,3407,346,26.0117593765259
Full,3407,347,24.7509817123413
Full,3407,348,22.8014247894287
Full,3407,349,26.5903276443481
Full,3407,350,27.3272521972656
Full,3407,351,25.7952816963196
Full,3407,352,24.1243420600891
Full,3407,353,22.2221899032593
Full,3407,354,25.4777451515198
Full,3407,355,24.2911972045898
Full,3407,356,24.9461783409119
Full,3407,357,25.2252866744995
Full,3407,358,24.8892707824707
Full,3407,359,29.5276571273804
Full,3407,360,24.1762495994568
Full,3407,361,25.0972672462463
Full,3407,362,27.2517532348633
Full,3407,363,25.9140504837036
Full,3407,364,22.0170159339905
Full,3407,365,23.607563495636
Full,3407,366,22.6096837997437
Full,3407,367,23.6733842849731
Full,3407,368,22.367605304718
Full,3407,369,25.2794864654541
Full,3407,370,24.0550881385803
Full,3407,371,24.1577802658081
Full,3407,372,25.3941540718079
Full,3407,373,24.4166074752808
Full,3407,374,26.3023452758789
Full,3407,375,22.0010816574097
Full,3407,376,27.0887085914612
Full,3407,377,26.3449334144592
Full,3407,378,26.4272578239441
Full,3407,379,26.2428701400757
Full,3407,380,25.7718002319336
Full,3407,381,25.9164506912231
Full,3407,382,23.9209365844727
Full,3407,383,24.9816703796387
Full,3407,384,25.5560423851013
Full,3407,385,25.2405430793762
Full,3407,386,23.8362257003784
Full,3407,387,25.8658463478088
Full,3407,388,25.5003552436829
Full,3407,389,25.6437448501587
Full,3407,390,26.7692102432251
Full,3407,391,24.3461487770081
Full,3407,392,25.5249247550964
Full,3407,393,28.8574893951416
Full,3407,394,26.0011326789856
Full,3407,395,25.7499514579773
Full,3407,396,26.6454776763916
Full,3407,397,25.6157922744751
Full,3407,398,23.0670563697815
Full,3407,399,23.5600058555603
Full,3407,400,24.8047138214111
Full,4518,1,33.7131561279297
Full,4518,2,33.8050145149231
Full,4518,3,34.6889999389648
Full,4518,4,32.364385509491
Full,4518,5,32.763485956192
Full,4518,6,35.6264158248901
Full,4518,7,31.0454159259796
Full,4518,8,34.1171799659729
Full,4518,9,34.0252083778381
Full,4518,10,32.9905723571777
Full,4518,11,33.3382180213928
Full,4518,12,36.6661009788513
Full,4518,13,34.9572201728821
Full,4518,14,31.3390941619873
Full,4518,15,32.8895086288452
Full,4518,16,35.4997405052185
Full,4518,17,37.6211459159851
Full,4518,18,32.6844601631165
Full,4518,19,36.4530963897705
Full,4518,20,37.4169027328491
Full,4518,21,33.248885345459
Full,4518,22,36.9133535385132
Full,4518,23,34.1071782112122
Full,4518,24,35.0051335334778
Full,4518,25,32.9278033256531
Full,4518,26,31.5492650032043
Full,4518,27,34.8825487136841
Full,4518,28,30.0450464248657
Full,4518,29,33.3619532585144
Full,4518,30,33.7961825370789
Full,4518,31,36.6577863693237
Full,4518,32,32.7204325675964
Full,4518,33,31.4234499931335
Full,4518,34,33.0725152015686
Full,4518,35,37.5053436279297
Full,4518,36,33.766103553772
Full,4518,37,34.2936278343201
Full,4518,38,33.5750361442566
Full,4518,39,32.7609401702881
Full,4518,40,35.3234819412231
Full,4518,41,35.5453240394592
Full,4518,42,34.2824564933777
Full,4518,43,30.944614982605
Full,4518,44,33.0604768753052
Full,4518,45,32.5452671051025
Full,4518,46,32.9513129234314
Full,4518,47,31.4250703811646
Full,4518,48,36.9054625511169
Full,4518,49,35.4209816932678
Full,4518,50,31.618111038208
Full,4518,51,29.8849026679993
Full,4518,52,35.4314277648926
Full,4518,53,31.2655121803284
Full,4518,54,31.4881730079651
Full,4518,55,34.6115151405334
Full,4518,56,33.863925075531
Full,4518,57,32.6265687942505
Full,4518,58,32.6520380973816
Full,4518,59,31.5762049674988
Full,4518,60,32.5728068351746
Full,4518,61,32.8864107131958
Full,4518,62,31.7248785972595
Full,4518,63,32.6999875068665
Full,4518,64,33.3840028762817
Full,4518,65,30.8935705184937
Full,4518,66,32.1196978569031
Full,4518,67,31.5070845603943
Full,4518,68,33.5292854309082
Full,4518,69,32.294994354248
Full,4518,70,33.7483874320984
Full,4518,71,34.2519370079041
Full,4518,72,30.3848148345947
Full,4518,73,32.8730484008789
Full,4518,74,31.8616037368774
Full,4518,75,30.3085591316223
Full,4518,76,33.5218346595764
Full,4518,77,35.2921467781067
Full,4518,78,34.6380640983582
Full,4518,79,30.7465626716614
Full,4518,80,31.2924642562866
Full,4518,81,29.6198589324951
Full,4518,82,29.6134088516235
Full,4518,83,28.4869535446167
Full,4518,84,30.1096767425537
Full,4518,85,29.1609047412872
Full,4518,86,35.4238593101501
Full,4518,87,28.5596036911011
Full,4518,88,30.1265614509583
Full,4518,89,34.1004251480103
Full,4518,90,30.5656115531921
Full,4518,91,29.1966048240662
Full,4518,92,29.7362641334534
Full,4518,93,31.1649745941162
Full,4518,94,29.9700925827026
Full,4518,95,28.0700697898865
Full,4518,96,27.2817899703979
Full,4518,97,27.1205344200134
Full,4518,98,30.2096792221069
Full,4518,99,28.7856272697449
Full,4518,100,30.558797454834
Full,4518,101,29.0308416366577
Full,4518,102,31.6173216819763
Full,4518,103,29.141454410553
Full,4518,104,27.9687582015991
Full,4518,105,27.0489788532257
Full,4518,106,30.073771572113
Full,4518,107,30.8141920089722
Full,4518,108,28.0542119979858
Full,4518,109,25.0946919441223
Full,4518,110,27.916131401062
Full,4518,111,30.1649913787842
Full,4518,112,28.2159568786621
Full,4518,113,27.6889163017273
Full,4518,114,30.1921974182129
Full,4518,115,28.4323709487915
Full,4518,116,26.4970876693726
Full,4518,117,28.3726650238037
Full,4518,118,30.8652806282043
Full,4518,119,28.3268537521362
Full,4518,120,27.8037288665771
Full,4518,121,26.857630443573
Full,4518,122,27.8388339042664
Full,4518,123,25.7235940933228
Full,4518,124,28.4700855255127
Full,4518,125,28.4100237846375
Full,4518,126,27.2706092834473
Full,4518,127,26.5318164825439
Full,4518,128,29.3287795066834
Full,4518,129,25.2929327487946
Full,4518,130,25.7455221176147
Full,4518,131,23.1671578407288
Full,4518,132,25.9502806663513
Full,4518,133,25.7939138412476
Full,4518,134,27.3481643676758
Full,4518,135,28.0096269607544
Full,4518,136,25.3647243499756
Full,4518,137,25.8791950702667
Full,4518,138,23.5037508964539
Full,4518,139,29.2841060638428
Full,4518,140,28.9261627197266
Full,4518,141,25.8181102752686
Full,4518,142,25.255532169342
Full,4518,143,28.1543028831482
Full,4518,144,27.1159993171692
Full,4518,145,25.6025448322296
Full,4518,146,26.4804892539978
Full,4518,147,25.9182769775391
Full,4518,148,25.1988632202148
Full,4518,149,27.0791155338287
Full,4518,150,22.8872759819031
Full,4518,151,26.3455474853516
Full,4518,152,27.0818918228149
Full,4518,153,25.7314464569092
Full,4518,154,26.2580315589905
Full,4518,155,26.5902616500854
Full,4518,156,24.5459038734436
Full,4518,157,24.5062720298767
Full,4518,158,26.1496586799622
Full,4518,159,23.6475515365601
Full,4518,160,26.1689762115479
Full,4518,161,24.6387400627136
Full,4518,162,23.7857467651367
Full,4518,163,26.5550653457642
Full,4518,164,25.5842481613159
Full,4518,165,27.457476234436
Full,4518,166,23.9104658126831
Full,4518,167,27.6211919307709
Full,4518,168,26.4881281375885
Full,4518,169,24.2020130634308
Full,4518,170,23.3656984329224
Full,4518,171,26.849302816391
Full,4518,172,24.1552032470703
Full,4518,173,25.4141729354858
Full,4518,174,26.9577998161316
Full,4518,175,24.1483061790466
Full,4518,176,28.3017040252686
Full,4518,177,24.5317528247833
Full,4518,178,23.4368226051331
Full,4518,179,26.8193112373352
Full,4518,180,29.0495795249939
Full,4518,181,22.7810732841492
Full,4518,182,27.234135723114
Full,4518,183,28.1346768379211
Full,4518,184,25.440860080719
Full,4518,185,24.5796983718872
Full,4518,186,23.3051409244537
Full,4518,187,26.0253329277039
Full,4518,188,24.3942914962769
Full,4518,189,24.4124984741211
Full,4518,190,26.2124745368958
Full,4518,191,24.8850673675537
Full,4518,192,23.905385684967
Full,4518,193,27.9315870285034
Full,4518,194,22.4704214096069
Full,4518,195,24.8850268363953
Full,4518,196,24.0151975631714
Full,4518,197,24.648184299469
Full,4518,198,24.4629431724548
Full,4518,199,26.50813331604
Full,4518,200,25.0078330039978
Full,4518,201,24.1181116104126
Full,4518,202,23.6564581871033
Full,4518,203,24.7858189582825
Full,4518,204,25.7134841918945
Full,4518,205,25.2700954437256
Full,4518,206,24.4087026596069
Full,4518,207,24.9838554382324
Full,4518,208,23.4019219398499
Full,4518,209,23.132444858551
Full,4518,210,23.5910392284393
Full,4518,211,23.1212141036987
Full,4518,212,23.368936252594
Full,4518,213,28.0597966194153
Full,4518,214,25.8376214027405
Full,4518,215,23.8074956893921
Full,4518,216,25.3060647010803
Full,4518,217,23.4350492477417
Full,4518,218,23.2288485527039
Full,4518,219,23.6120032310486
Full,4518,220,22.3325368881226
Full,4518,221,24.767404460907
Full,4518,222,24.275233745575
Full,4518,223,24.9789072036743
Full,4518,224,23.1255994796753
Full,4518,225,26.4561033248901
Full,4518,226,24.7695444107056
Full,4518,227,25.2770743370056
Full,4518,228,26.9555244445801
Full,4518,229,21.0129123687744
Full,4518,230,24.446403503418
Full,4518,231,23.9692061424255
Full,4518,232,24.1660676002502
Full,4518,233,22.5297419548035
Full,4518,234,24.7064598083496
Full,4518,235,23.6710083007812
Full,4518,236,27.1502078056335
Full,4518,237,21.5938821792603
Full,4518,238,26.0645488739014
Full,4518,239,27.721119594574
Full,4518,240,21.6200098991394
Full,4518,241,25.3792019844055
Full,4518,242,24.7794857501984
Full,4518,243,22.8630754470825
Full,4518,244,24.9284088134766
Full,4518,245,24.062797164917
Full,4518,246,23.4904508590698
Full,4518,247,22.1481511116028
Full,4518,248,22.7658864021301
Full,4518,249,22.4417909622192
Full,4518,250,23.4558460235596
Full,4518,251,25.942214679718
Full,4518,252,22.9045473098755
Full,4518,253,22.6988115310669
Full,4518,254,25.6293889522552
Full,4518,255,24.6564651489258
Full,4518,256,25.289101600647
Full,4518,257,24.0307779312134
Full,4518,258,22.7463353157043
Full,4518,259,24.1190828323364
Full,4518,260,24.1234722137451
Full,4518,261,27.5361141204834
Full,4518,262,23.5170771121979
Full,4518,263,25.0852851867676
Full,4518,264,22.8112631797791
Full,4518,265,25.4789649009705
Full,4518,266,23.8608884811401
Full,4518,267,23.9436671257019
Full,4518,268,24.2921252250671
Full,4518,269,23.5782329559326
Full,4518,270,22.8469373703003
Full,4518,271,23.4446022033691
Full,4518,272,24.3906432151794
Full,4518,273,24.5697473526001
Full,4518,274,22.8719438552856
Full,4518,275,21.965910243988
Full,4518,276,25.88891954422
Full,4518,277,26.3930669784546
Full,4518,278,22.8197534561157
Full,4518,279,23.0191838264465
Full,4518,280,22.4377722740173
Full,4518,281,24.5632948875427
Full,4518,282,21.8185660362244
Full,4518,283,24.3525339126587
Full,4518,284,26.1231029510498
Full,4518,285,26.0113677024841
Full,4518,286,27.3539621353149
Full,4518,287,26.6773850440979
Full,4518,288,25.3632991790771
Full,4518,289,25.6480671882629
Full,4518,290,23.7326000213623
Full,4518,291,25.4298560142517
Full,4518,292,25.6541624069214
Full,4518,293,25.6007296562195
Full,4518,294,24.451716709137
Full,4518,295,25.4233967781067
Full,4518,296,25.0053955078125
Full,4518,297,23.4419310569763
Full,4518,298,27.1466846466064
Full,4518,299,26.6318339347839
Full,4518,300,22.6521619796753
Full,4518,301,24.6184820175171
Full,4518,302,25.2824820518494
Full,4518,303,23.3225982666016
Full,4518,304,25.0136693954468
Full,4518,305,26.5528293609619
Full,4518,306,24.5456107139587
Full,4518,307,25.1682035446167
Full,4518,308,26.0715682983398
Full,4518,309,25.9897228240967
Full,4518,310,23.4031251907349
Full,4518,311,23.5540970802307
Full,4518,312,24.0479917526245
Full,4518,313,25.0033087730408
Full,4518,314,24.4488258361816
Full,4518,315,24.6841892242432
Full,4518,316,23.6999366283417
Full,4518,317,24.9904637336731
Full,4518,318,23.4192889213562
Full,4518,319,24.2732437133789
Full,4518,320,25.809871006012
Full,4518,321,26.1147742271423
Full,4518,322,24.585532951355
Full,4518,323,24.7967465400696
Full,4518,324,26.5017212867737
Full,4518,325,22.5606828689575
Full,4518,326,24.6510010719299
Full,4518,327,26.501257610321
Full,4518,328,25.0748239517212
Full,4518,329,22.1633395195007
Full,4518,330,23.5434778213501
Full,4518,331,25.0738736152649
Full,4518,332,24.5786072731018
Full,4518,333,24.1959850311279
Full,4518,334,24.5846040725708
Full,4518,335,24.0143981933594
Full,4518,336,26.0227226257324
Full,4518,337,25.3946252822876
Full,4518,338,20.4923858642578
Full,4518,339,24.5410116195679
Full,4518,340,23.7561573982239
Full,4518,341,23.9734121322632
Full,4518,342,25.7707274436951
Full,4518,343,23.6812606811523
Full,4518,344,23.9600410461426
Full,4518,345,24.2562768936157
Full,4518,346,23.1313382148743
Full,4518,347,24.8279953956604
Full,4518,348,24.8577987670898
Full,4518,349,23.748120880127
Full,4518,350,22.269960975647
Full,4518,351,24.4779410362244
Full,4518,352,24.7955612182617
Full,4518,353,28.1878256797791
Full,4518,354,24.5291110992432
Full,4518,355,26.8936242103577
Full,4518,356,22.8701035499573
Full,4518,357,25.8405242919922
Full,4518,358,24.0972717285156
Full,4518,359,24.6454774856567
Full,4518,360,23.4349008560181
Full,4518,361,24.2069499969482
Full,4518,362,23.1614393234253
Full,4518,363,24.740832901001
Full,4518,364,24.2922449111938
Full,4518,365,25.9543648719788
Full,4518,366,24.1350358009338
Full,4518,367,24.4602311134338
Full,4518,368,23.954954624176
Full,4518,369,23.128491973877
Full,4518,370,23.7996686935425
Full,4518,371,28.1013454437256
Full,4518,372,23.5908760070801
Full,4518,373,25.0068249702454
Full,4518,374,24.1091163635254
Full,4518,375,24.1324533462524
Full,4518,376,24.3922135353088
Full,4518,377,25.597968006134
Full,4518,378,24.6878805160522
Full,4518,379,24.8066398620605
Full,4518,380,24.6685158729553
Full,4518,381,25.9636324882507
Full,4518,382,24.8823204994202
Full,4518,383,21.6504151344299
Full,4518,384,26.3967135429382
Full,4518,385,22.6291975021362
Full,4518,386,26.0323502540588
Full,4518,387,25.392818069458
Full,4518,388,26.2994834899902
Full,4518,389,24.3821407318115
Full,4518,390,25.4887881278992
Full,4518,391,25.7411031723022
Full,4518,392,23.8560894012451
Full,4518,393,26.9648096084595
Full,4518,394,25.4168034553528
Full,4518,395,24.4032442092896
Full,4518,396,26.7822887420654
Full,4518,397,26.1670267105103
Full,4518,398,24.5787324905396
Full,4518,399,26.4477821350098
Full,4518,400,23.7135499954224
Full,5629,1,33.7603660583496
Full,5629,2,35.974490070343
Full,5629,3,36.1366669654846
Full,5629,4,34.6762432098389
Full,5629,5,35.2461760520935
Full,5629,6,32.5894664764404
Full,5629,7,30.6136631965637
Full,5629,8,32.2723101615906
Full,5629,9,33.3462112426758
Full,5629,10,32.2644280433655
Full,5629,11,32.7815442085266
Full,5629,12,33.4384751319885
Full,5629,13,33.100070476532
Full,5629,14,34.4448318481445
Full,5629,15,32.5885411262512
Full,5629,16,29.5916423797607
Full,5629,17,34.3533174514771
Full,5629,18,32.5531720161438
Full,5629,19,35.6946016311646
Full,5629,20,31.080327796936
Full,5629,21,32.5264837265015
Full,5629,22,33.111724281311
Full,5629,23,30.4941767692566
Full,5629,24,35.3332490921021
Full,5629,25,34.8545232772827
Full,5629,26,34.0926051139832
Full,5629,27,31.1489001274109
Full,5629,28,32.5520498275757
Full,5629,29,35.7024603843689
Full,5629,30,29.7867877006531
Full,5629,31,32.6644430160522
Full,5629,32,34.0817071914673
Full,5629,33,31.7538185119629
Full,5629,34,33.4764324188232
Full,5629,35,37.6149277687073
Full,5629,36,31.8062317848206
Full,5629,37,32.5255658149719
Full,5629,38,30.8173592567444
Full,5629,39,28.8558029174805
Full,5629,40,29.1496389389038
Full,5629,41,29.4559181213379
Full,5629,42,30.9264722824097
Full,5629,43,30.7509887695313
Full,5629,44,29.4864446640015
Full,5629,45,29.6451601982117
Full,5629,46,31.0263046264648
Full,5629,47,30.0307250022888
Full,5629,48,32.4946461677551
Full,5629,49,36.8917488098145
Full,5629,50,31.7807404518127
Full,5629,51,31.0227056503296
Full,5629,52,31.4303255081177
Full,5629,53,31.0013840675354
Full,5629,54,31.2648615837097
Full,5629,55,29.1778920173645
Full,5629,56,34.3360240936279
Full,5629,57,30.9514180183411
Full,5629,58,28.4975168228149
Full,5629,59,31.7766870498657
Full,5629,60,33.128605556488
Full,5629,61,26.3164872169495
Full,5629,62,33.9663013458252
Full,5629,63,32.692961025238
Full,5629,64,30.12414894104
Full,5629,65,30.3321384429932
Full,5629,66,28.9385231018066
Full,5629,67,28.0707676887512
Full,5629,68,31.5912363052368
Full,5629,69,31.0534430503845
Full,5629,70,30.583696269989
Full,5629,71,28.7038707733154
Full,5629,72,33.9358114242554
Full,5629,73,31.9022458076477
Full,5629,74,31.6191652297974
Full,5629,75,28.1223306655884
Full,5629,76,30.4831747055054
Full,5629,77,26.505393743515
Full,5629,78,26.165513420105
Full,5629,79,29.3655981063843
Full,5629,80,31.379043006897
Full,5629,81,29.3519729614258
Full,5629,82,30.0051710128784
Full,5629,83,27.8188769340515
Full,5629,84,28.5785047531128
Full,5629,85,30.7343005180359
Full,5629,86,30.2893531799316
Full,5629,87,28.1143709182739
Full,5629,88,26.3403392791748
Full,5629,89,29.8751328468323
Full,5629,90,27.084462928772
Full,5629,91,28.2602147102356
Full,5629,92,29.0889993667603
Full,5629,93,28.2799940109253
Full,5629,94,26.5006844520569
Full,5629,95,27.1395224571228
Full,5629,96,26.8072658538818
Full,5629,97,27.861735534668
Full,5629,98,31.4106056213379
Full,5629,99,28.2545475006104
Full,5629,100,25.533247089386
Full,5629,101,25.6416453361511
Full,5629,102,27.7765228271484
Full,5629,103,25.5559200286865
Full,5629,104,27.0352228164673
Full,5629,105,26.5622978210449
Full,5629,106,23.5321011543274
Full,5629,107,25.6251432418823
Full,5629,108,29.6689023017883
Full,5629,109,26.0841093063354
Full,5629,110,27.594605922699
Full,5629,111,29.9326601028442
Full,5629,112,24.8742231369019
Full,5629,113,27.1037783622742
Full,5629,114,26.4233877182007
Full,5629,115,24.6664889335632
Full,5629,116,26.7525018215179
Full,5629,117,24.8889318466187
Full,5629,118,23.7919799804687
Full,5629,119,28.4958706855774
Full,5629,120,25.4572020530701
Full,5629,121,24.1202102661133
Full,5629,122,27.1554426193237
Full,5629,123,24.36091132164
Full,5629,124,22.9703834533691
Full,5629,125,22.9759272575378
Full,5629,126,28.9439363002777
Full,5629,127,27.4555273532867
Full,5629,128,23.7697254180908
Full,5629,129,25.9266222000122
Full,5629,130,26.7068119049072
Full,5629,131,27.8241617202759
Full,5629,132,22.3475253582001
Full,5629,133,24.4279888153076
Full,5629,134,25.5521928787231
Full,5629,135,27.3649186134338
Full,5629,136,23.5718769073486
Full,5629,137,24.3719745159149
Full,5629,138,22.7166540145874
Full,5629,139,24.0859650611877
Full,5629,140,24.4760553359985
Full,5629,141,26.5032989501953
Full,5629,142,27.6562500953674
Full,5629,143,24.7655363082886
Full,5629,144,25.5136408805847
Full,5629,145,23.5566390991211
Full,5629,146,25.4391879081726
Full,5629,147,26.0173267364502
Full,5629,148,26.2237585067749
Full,5629,149,25.6809684753418
Full,5629,150,25.5515043258667
Full,5629,151,26.1033080101013
Full,5629,152,23.534285736084
Full,5629,153,25.6121628761292
Full,5629,154,26.9431433677673
Full,5629,155,24.041209602356
Full,5629,156,23.6038165092468
Full,5629,157,22.0525792121887
Full,5629,158,24.894862651825
Full,5629,159,25.019038772583
Full,5629,160,24.924113702774
Full,5629,161,23.9019462108612
Full,5629,162,24.6894721984863
Full,5629,163,23.6964465141296
Full,5629,164,27.9468644142151
Full,5629,165,25.121108341217
Full,5629,166,25.5871610641479
Full,5629,167,25.4870661735535
Full,5629,168,22.6582458496094
Full,5629,169,25.1235802173615
Full,5629,170,22.3118010520935
Full,5629,171,25.5141503810883
Full,5629,172,22.8902013301849
Full,5629,173,23.7426544189453
Full,5629,174,24.9839213848114
Full,5629,175,22.8439169883728
Full,5629,176,25.8836158752441
Full,5629,177,26.073855304718
Full,5629,178,26.4910898208618
Full,5629,179,26.7184183120728
Full,5629,180,26.5336354732513
Full,5629,181,22.3664903640747
Full,5629,182,23.9994232654572
Full,5629,183,25.0737002372742
Full,5629,184,24.8411198616028
Full,5629,185,22.8054512023926
Full,5629,186,26.5147918701172
Full,5629,187,23.5656632423401
Full,5629,188,24.3928971290588
Full,5629,189,22.401474237442
Full,5629,190,24.2165411949158
Full,5629,191,23.86795129776
Full,5629,192,23.2319069862366
Full,5629,193,23.8508906364441
Full,5629,194,23.1005432128906
Full,5629,195,21.6963818073273
Full,5629,196,22.2116219520569
Full,5629,197,26.2075647354126
Full,5629,198,23.7184380531311
Full,5629,199,24.593759727478
Full,5629,200,25.5983463287354
Full,5629,201,23.1940137386322
Full,5629,202,22.994859457016
Full,5629,203,23.6239443778992
Full,5629,204,24.2383975982666
Full,5629,205,22.8152164459229
Full,5629,206,23.9710830211639
Full,5629,207,25.4103113174438
Full,5629,208,22.1954449653625
Full,5629,209,24.3272581100464
Full,5629,210,23.513915348053
Full,5629,211,23.1330690383911
Full,5629,212,26.3903502464294
Full,5629,213,26.0387720108032
Full,5629,214,23.778529548645
Full,5629,215,23.9878723144531
Full,5629,216,25.0391903877258
Full,5629,217,26.9647572517395
Full,5629,218,22.1335641860962
Full,5629,219,25.0232973098755
Full,5629,220,24.7692543983459
Full,5629,221,25.4798097610474
Full,5629,222,23.8118483543396
Full,5629,223,25.5639163970947
Full,5629,224,22.9939942359924
Full,5629,225,23.1352080345154
Full,5629,226,21.5092200279236
Full,5629,227,24.4858583450317
Full,5629,228,24.7379201889038
Full,5629,229,22.8578978538513
Full,5629,230,25.4022290706635
Full,5629,231,23.7270037651062
Full,5629,232,23.9663268089294
Full,5629,233,23.3791440010071
Full,5629,234,25.5520478248596
Full,5629,235,24.7458047866821
Full,5629,236,24.0077422618866
Full,5629,237,26.0795623779297
Full,5629,238,24.5561208724976
Full,5629,239,25.4939733982086
Full,5629,240,25.7241153717041
Full,5629,241,24.6434768676758
Full,5629,242,26.7312005996704
Full,5629,243,23.8501526832581
Full,5629,244,25.9901231765747
Full,5629,245,22.4207268714905
Full,5629,246,22.3472524642944
Full,5629,247,24.7559693336487
Full,5629,248,24.5506322860718
Full,5629,249,26.6212236404419
Full,5629,250,22.8867518424988
Full,5629,251,24.0087441444397
Full,5629,252,24.2973427772522
Full,5629,253,24.8443711280823
Full,5629,254,24.7035781860352
Full,5629,255,22.0503490447998
Full,5629,256,23.700092124939
Full,5629,257,24.1789420127869
Full,5629,258,24.585583114624
Full,5629,259,22.7189517021179
Full,5629,260,23.0214186668396
Full,5629,261,27.924828338623
Full,5629,262,26.0667827606201
Full,5629,263,24.8064548969269
Full,5629,264,23.6474190711975
Full,5629,265,25.5492847442627
Full,5629,266,23.6351435661316
Full,5629,267,25.9702493667603
Full,5629,268,23.4402863502502
Full,5629,269,26.9231615066528
Full,5629,270,22.9938840866089
Full,5629,271,26.5367055892944
Full,5629,272,23.2569451332092
Full,5629,273,21.7637692451477
Full,5629,274,25.1289241790771
Full,5629,275,24.6549679756165
Full,5629,276,24.959725856781
Full,5629,277,25.2579478263855
Full,5629,278,23.1272709846497
Full,5629,279,22.8361854553223
Full,5629,280,24.202387046814
Full,5629,281,22.1791402816772
Full,5629,282,24.2553061485291
Full,5629,283,23.4408803939819
Full,5629,284,20.3640889167786
Full,5629,285,23.1511246681213
Full,5629,286,25.0019895553589
Full,5629,287,22.788562297821
Full,5629,288,23.0247904777527
Full,5629,289,24.6163129806519
Full,5629,290,25.242370223999
Full,5629,291,24.4063816070557
Full,5629,292,22.9235378265381
Full,5629,293,22.1217367172241
Full,5629,294,22.2852822303772
Full,5629,295,24.2541964530945
Full,5629,296,22.7685977935791
Full,5629,297,23.571194934845
Full,5629,298,25.4198595046997
Full,5629,299,23.3828192710876
Full,5629,300,25.8693635940552
Full,5629,301,26.5051864624023
Full,5629,302,24.0968033790588
Full,5629,303,25.1468390464783
Full,5629,304,24.4786437988281
Full,5629,305,24.1292097091675
Full,5629,306,24.4520488739014
Full,5629,307,22.7354452133179
Full,5629,308,25.2567260742188
Full,5629,309,22.1343061447144
Full,5629,310,23.9584829330444
Full,5629,311,21.8823113441467
Full,5629,312,26.5277801513672
Full,5629,313,24.6854026794434
Full,5629,314,23.8186503410339
Full,5629,315,26.2442893028259
Full,5629,316,24.1418692588806
Full,5629,317,23.6444097995758
Full,5629,318,25.8352656364441
Full,5629,319,23.4432746887207
Full,5629,320,22.794146156311
Full,5629,321,23.4562913894653
Full,5629,322,26.2679149627686
Full,5629,323,23.9321271896362
Full,5629,324,23.3209506988525
Full,5629,325,24.6423600196838
Full,5629,326,26.8151155471802
Full,5629,327,24.6193744659424
Full,5629,328,24.0161339759827
Full,5629,329,24.3527612686157
Full,5629,330,26.000742149353
Full,5629,331,24.75198802948
Full,5629,332,25.8469654083252
Full,5629,333,22.8629901885986
Full,5629,334,23.4075540542603
Full,5629,335,25.4591979980469
Full,5629,336,22.2655672073364
Full,5629,337,25.8424984931946
Full,5629,338,23.9472004890442
Full,5629,339,23.9010374069214
Full,5629,340,25.5721259117126
Full,5629,341,25.3527698516846
Full,5629,342,25.65788230896
Full,5629,343,23.9613538265228
Full,5629,344,25.2436604499817
Full,5629,345,22.8362293243408
Full,5629,346,22.0662383079529
Full,5629,347,25.3919966697693
Full,5629,348,26.1500933647156
Full,5629,349,24.8570872306824
Full,5629,350,23.6615365028381
Full,5629,351,23.0970695495605
Full,5629,352,24.1574698448181
Full,5629,353,26.455039024353
Full,5629,354,23.9111950874329
Full,5629,355,24.3603558540344
Full,5629,356,23.7019016265869
Full,5629,357,23.8565707206726
Full,5629,358,21.8468643188477
Full,5629,359,21.0842185974121
Full,5629,360,24.1313122749329
Full,5629,361,23.1958060264587
Full,5629,362,25.0605281829834
Full,5629,363,23.7630127906799
Full,5629,364,24.0303729057312
Full,5629,365,25.5138808250427
Full,5629,366,25.284889793396
Full,5629,367,25.6698885917664
Full,5629,368,23.5061388015747
Full,5629,369,23.7207728385925
Full,5629,370,23.4937417030334
Full,5629,371,23.0722955703735
Full,5629,372,23.4434662818909
Full,5629,373,21.0170808792114
Full,5629,374,24.8296544075012
Full,5629,375,24.9793236732483
Full,5629,376,23.3948541641235
Full,5629,377,26.4926493644714
Full,5629,378,29.2188118934631
Full,5629,379,23.4982076644897
Full,5629,380,24.8195227622986
Full,5629,381,25.7663140296936
Full,5629,382,24.2516619682312
Full,5629,383,25.682054233551
Full,5629,384,24.6848753929138
Full,5629,385,24.9134012699127
Full,5629,386,23.6927234649658
Full,5629,387,25.085146522522
Full,5629,388,26.1623385429382
Full,5629,389,25.8327049255371
Full,5629,390,24.3861749649048
Full,5629,391,26.1207685470581
Full,5629,392,24.2938956260681
Full,5629,393,26.3937261581421
Full,5629,394,24.6482822418213
Full,5629,395,23.2112953186035
Full,5629,396,25.7988471031189
Full,5629,397,23.7277820587158
Full,5629,398,25.1798115730286
Full,5629,399,22.812387752533
Full,5629,400,26.3704670906067
no-async,3407,1,34.0469038963318
no-async,3407,2,37.5358639717102
no-async,3407,3,32.7588743209839
no-async,3407,4,35.0938709259033
no-async,3407,5,32.4100008964539
no-async,3407,6,33.6144165039062
no-async,3407,7,36.6795029640198
no-async,3407,8,28.4603500366211
no-async,3407,9,36.1317896842957
no-async,3407,10,31.654052066803
no-async,3407,11,31.2203991889954
no-async,3407,12,29.0141624450684
no-async,3407,13,29.9310569763184
no-async,3407,14,32.3975459098816
no-async,3407,15,27.0379913330078
no-async,3407,16,31.9912843704224
no-async,3407,17,28.1138266563416
no-async,3407,18,27.0004713535309
no-async,3407,19,28.3507144927979
no-async,3407,20,29.5627300262451
no-async,3407,21,27.5643882751465
no-async,3407,22,28.108249092102
no-async,3407,23,30.2522616386414
no-async,3407,24,28.0226880073547
no-async,3407,25,24.4322713851929
no-async,3407,26,28.5255489349365
no-async,3407,27,28.8205638885498
no-async,3407,28,28.7944003105164
no-async,3407,29,27.2110339164734
no-async,3407,30,26.8248609542847
no-async,3407,31,28.6340915679932
no-async,3407,32,27.6173700332642
no-async,3407,33,23.3010905265808
no-async,3407,34,25.5882850646973
no-async,3407,35,26.6789305686951
no-async,3407,36,26.3622665405273
no-async,3407,37,27.4066411018372
no-async,3407,38,27.7064625740051
no-async,3407,39,28.4369783401489
no-async,3407,40,24.8148274421692
no-async,3407,41,27.3674424171448
no-async,3407,42,27.0960670471191
no-async,3407,43,25.2546117782593
no-async,3407,44,26.0582131385803
no-async,3407,45,24.1819181442261
no-async,3407,46,28.2642154693604
no-async,3407,47,24.3471409320831
no-async,3407,48,24.6514043807983
no-async,3407,49,26.6183012962341
no-async,3407,50,25.4646764278412
no-async,3407,51,25.6718567848206
no-async,3407,52,23.8933854103088
no-async,3407,53,24.5869042396545
no-async,3407,54,24.1817326545715
no-async,3407,55,23.654313659668
no-async,3407,56,26.386173915863
no-async,3407,57,25.6180000305176
no-async,3407,58,25.1750060081482
no-async,3407,59,27.6889066696167
no-async,3407,60,26.196639251709
no-async,3407,61,23.2648473739624
no-async,3407,62,23.7093429088593
no-async,3407,63,27.9613372802734
no-async,3407,64,24.9101298332214
no-async,3407,65,26.8686266899109
no-async,3407,66,30.3921936035156
no-async,3407,67,23.5723260879517
no-async,3407,68,27.4105400085449
no-async,3407,69,28.2473098754883
no-async,3407,70,26.1812147140503
no-async,3407,71,23.9459038734436
no-async,3407,72,26.0449172019959
no-async,3407,73,26.1248374938965
no-async,3407,74,26.8391633987427
no-async,3407,75,27.2546751022339
no-async,3407,76,27.0222102165222
no-async,3407,77,26.2817240715027
no-async,3407,78,24.386020565033
no-async,3407,79,27.0649554252625
no-async,3407,80,25.0369828224182
no-async,3407,81,26.2860748291016
no-async,3407,82,24.673345375061
no-async,3407,83,24.2041961669922
no-async,3407,84,24.7100526809692
no-async,3407,85,26.3723112106323
no-async,3407,86,25.0823557853699
no-async,3407,87,24.0237593650818
no-async,3407,88,26.5248125076294
no-async,3407,89,24.1142696380615
no-async,3407,90,24.3330599784851
no-async,3407,91,25.0425604820251
no-async,3407,92,23.9386276245117
no-async,3407,93,27.4298850059509
no-async,3407,94,25.1318898200989
no-async,3407,95,27.3203997612
no-async,3407,96,23.5384351730347
no-async,3407,97,25.9010800361633
no-async,3407,98,23.2691707611084
no-async,3407,99,25.7214080810547
no-async,3407,100,26.8867449760437
no-async,3407,101,26.5690433502197
no-async,3407,102,23.5631240844727
no-async,3407,103,24.6160956382751
no-async,3407,104,26.6742224693298
no-async,3407,105,25.5730669021606
no-async,3407,106,22.8780897140503
no-async,3407,107,22.3909101486206
no-async,3407,108,27.8128054618835
no-async,3407,109,26.3190107345581
no-async,3407,110,22.8839266777039
no-async,3407,111,28.4048323631287
no-async,3407,112,26.8740739822388
no-async,3407,113,28.1025832176209
no-async,3407,114,23.9554285049438
no-async,3407,115,27.1091263771057
no-async,3407,116,26.1754925727844
no-async,3407,117,24.1943042755127
no-async,3407,118,24.5288156509399
no-async,3407,119,26.1880313873291
no-async,3407,120,24.7145436286926
no-async,3407,121,24.0492298126221
no-async,3407,122,27.2037219047546
no-async,3407,123,26.8932456016541
no-async,3407,124,26.3997488021851
no-async,3407,125,22.9632308006287
no-async,3407,126,25.2037395477295
no-async,3407,127,23.5661478042603
no-async,3407,128,26.2232954978943
no-async,3407,129,24.9569929122925
no-async,3407,130,25.9606339454651
no-async,3407,131,29.0762298583984
no-async,3407,132,24.2870153427124
no-async,3407,133,25.6365375518799
no-async,3407,134,23.7354451179504
no-async,3407,135,25.6828277587891
no-async,3407,136,27.0944396018982
no-async,3407,137,24.1469744682312
no-async,3407,138,25.46741065979
no-async,3407,139,29.4940630912781
no-async,3407,140,25.4397966384888
no-async,3407,141,26.8318786621094
no-async,3407,142,27.6243249893188
no-async,3407,143,27.2182766914368
no-async,3407,144,25.4230677604675
no-async,3407,145,25.1589661598206
no-async,3407,146,26.5792816162109
no-async,3407,147,25.2009015083313
no-async,3407,148,26.5518098831177
no-async,3407,149,25.0545122146606
no-async,3407,150,25.2560674667358
no-async,3407,151,28.251250743866
no-async,3407,152,26.2183423995972
no-async,3407,153,25.4765097618103
no-async,3407,154,27.2405792236328
no-async,3407,155,25.8428473472595
no-async,3407,156,26.0135154724121
no-async,3407,157,26.1528347015381
no-async,3407,158,27.5657531738281
no-async,3407,159,25.1681015968323
no-async,3407,160,27.5508907318115
no-async,3407,161,29.0731093406677
no-async,3407,162,25.1383566856384
no-async,3407,163,27.8314818382263
no-async,3407,164,27.0744388580322
no-async,3407,165,25.2941576004028
no-async,3407,166,26.6826780319214
no-async,3407,167,27.3552924156189
no-async,3407,168,27.1281513214111
no-async,3407,169,24.6287981987
no-async,3407,170,28.3113418579102
no-async,3407,171,25.5741456031799
no-async,3407,172,26.6905979156494
no-async,3407,173,27.2092070579529
no-async,3407,174,26.6463717460632
no-async,3407,175,26.126849937439
no-async,3407,176,23.9866900444031
no-async,3407,177,27.6769235610962
no-async,3407,178,25.3143857955933
no-async,3407,179,31.086293888092
no-async,3407,180,25.9407717704773
no-async,3407,181,27.3735052108765
no-async,3407,182,27.7081185340881
no-async,3407,183,28.1133185386658
no-async,3407,184,27.4837291717529
no-async,3407,185,26.8086488723755
no-async,3407,186,27.1834825515747
no-async,3407,187,26.6551079750061
no-async,3407,188,26.9820869445801
no-async,3407,189,26.3172542572021
no-async,3407,190,27.8169791221619
no-async,3407,191,27.7441939353943
no-async,3407,192,30.4949089050293
no-async,3407,193,26.4374664306641
no-async,3407,194,26.0617605209351
no-async,3407,195,26.6547545433044
no-async,3407,196,27.798012638092
no-async,3407,197,28.1781800270081
no-async,3407,198,28.0044207572937
no-async,3407,199,28.6245936393738
no-async,3407,200,25.0997048377991
no-async,3407,201,27.0449132919312
no-async,3407,202,26.8774564743042
no-async,3407,203,26.7591781616211
no-async,3407,204,26.2073563575745
no-async,3407,205,27.6806143760681
no-async,3407,206,29.155952835083
no-async,3407,207,29.1050131797791
no-async,3407,208,28.3532154083252
no-async,3407,209,29.6989407539368
no-async,3407,210,26.6550318717957
no-async,3407,211,25.5809887886047
no-async,3407,212,26.0808176040649
no-async,3407,213,26.4136877059937
no-async,3407,214,27.3301049232483
no-async,3407,215,27.2161771774292
no-async,3407,216,26.3270481109619
no-async,3407,217,28.2335065841675
no-async,3407,218,27.2416271209717
no-async,3407,219,28.9853379249573
no-async,3407,220,28.4481637954712
no-async,3407,221,28.2542434692383
no-async,3407,222,26.8940766334534
no-async,3407,223,30.462055683136
no-async,3407,224,26.5092801094055
no-async,3407,225,29.4778551101685
no-async,3407,226,28.6344996452332
no-async,3407,227,28.8459712028503
no-async,3407,228,28.5250579833984
no-async,3407,229,28.7939914703369
no-async,3407,230,29.7905924797058
no-async,3407,231,27.1199398994446
no-async,3407,232,27.8717546463013
no-async,3407,233,29.8370827674866
no-async,3407,234,30.0751852035522
no-async,3407,235,27.6765347480774
no-async,3407,236,28.6898389816284
no-async,3407,237,28.2079320907593
no-async,3407,238,29.8901750564575
no-async,3407,239,26.3784361839294
no-async,3407,240,30.6652878761291
no-async,3407,241,27.9218779563904
no-async,3407,242,26.8301267623901
no-async,3407,243,28.8223968505859
no-async,3407,244,26.6200737953186
no-async,3407,245,28.1171210289001
no-async,3407,246,29.5414394378662
no-async,3407,247,29.0703688621521
no-async,3407,248,27.3919224739075
no-async,3407,249,28.8777373313904
no-async,3407,250,27.0531529426575
no-async,3407,251,27.0603212356567
no-async,3407,252,26.9664022445679
no-async,3407,253,26.9498456001282
no-async,3407,254,27.7013566970825
no-async,3407,255,28.7115208625793
no-async,3407,256,31.8091848373413
no-async,3407,257,28.5439633369446
no-async,3407,258,28.6823273658752
no-async,3407,259,29.6109536170959
no-async,3407,260,28.9793459892273
no-async,3407,261,29.1426530838013
no-async,3407,262,28.7028985023499
no-async,3407,263,29.2687633514404
no-async,3407,264,27.561613368988
no-async,3407,265,27.4803520202637
no-async,3407,266,29.3436400413513
no-async,3407,267,28.8533058166504
no-async,3407,268,31.2658085823059
no-async,3407,269,28.414541721344
no-async,3407,270,29.8072864532471
no-async,3407,271,29.0865708351135
no-async,3407,272,28.7480195045471
no-async,3407,273,31.0116806030273
no-async,3407,274,29.7306505203247
no-async,3407,275,28.6296007156372
no-async,3407,276,31.5325915336609
no-async,3407,277,29.0318510055542
no-async,3407,278,27.8221869468689
no-async,3407,279,30.02487449646
no-async,3407,280,29.427160358429
no-async,3407,281,29.4565579414368
no-async,3407,282,29.4013754844666
no-async,3407,283,29.026891708374
no-async,3407,284,29.2228362083435
no-async,3407,285,29.3075571060181
no-async,3407,286,28.0514275550842
no-async,3407,287,27.9063367843628
no-async,3407,288,29.1806569099426
no-async,3407,289,30.5209036827087
no-async,3407,290,29.3801089286804
no-async,3407,291,27.2835823059082
no-async,3407,292,28.3055874824524
no-async,3407,293,29.3076930046082
no-async,3407,294,28.0930562019348
no-async,3407,295,30.7042451858521
no-async,3407,296,29.6226595878601
no-async,3407,297,30.8487856864929
no-async,3407,298,29.3057936668396
no-async,3407,299,32.7887822151184
no-async,3407,300,29.2423587799072
no-async,3407,301,28.8032814025879
no-async,3407,302,26.7466196060181
no-async,3407,303,27.8171228408813
no-async,3407,304,30.6856430053711
no-async,3407,305,27.6056772232056
no-async,3407,306,30.7909798622131
no-async,3407,307,28.5425994873047
no-async,3407,308,29.6169459342957
no-async,3407,309,28.1130920410156
no-async,3407,310,27.4281836509705
no-async,3407,311,30.6813202857971
no-async,3407,312,30.3174187660217
no-async,3407,313,29.9255576133728
no-async,3407,314,29.7208119392395
no-async,3407,315,30.7032221794128
no-async,3407,316,28.4634905815125
no-async,3407,317,31.1715888977051
no-async,3407,318,30.5097356796265
no-async,3407,319,31.7031826972961
no-async,3407,320,29.5054497718811
no-async,3407,321,30.4616325378418
no-async,3407,322,28.2172703742981
no-async,3407,323,29.2055357933044
no-async,3407,324,30.2543883323669
no-async,3407,325,29.4849190711975
no-async,3407,326,30.0415517807007
no-async,3407,327,28.164145565033
no-async,3407,328,27.972553730011
no-async,3407,329,28.3983103752136
no-async,3407,330,31.0530445098877
no-async,3407,331,29.5391856193542
no-async,3407,332,30.2768821716309
no-async,3407,333,28.645964050293
no-async,3407,334,28.4074082374573
no-async,3407,335,28.8991470336914
no-async,3407,336,30.0215700149536
no-async,3407,337,30.7310404777527
no-async,3407,338,30.0470845222473
no-async,3407,339,31.0995460510254
no-async,3407,340,30.6976430892944
no-async,3407,341,30.3572358131409
no-async,3407,342,29.2571056365967
no-async,3407,343,33.1883392333984
no-async,3407,344,31.0594566345215
no-async,3407,345,30.0601476669312
no-async,3407,346,31.027751159668
no-async,3407,347,30.1782284736633
no-async,3407,348,29.1512581825256
no-async,3407,349,32.4060085296631
no-async,3407,350,32.9809173583984
no-async,3407,351,31.320626449585
no-async,3407,352,30.2364479064941
no-async,3407,353,28.3979448318481
no-async,3407,354,31.3934041023254
no-async,3407,355,30.0102520942688
no-async,3407,356,30.8800896644592
no-async,3407,357,31.4250671386719
no-async,3407,358,30.3134794235229
no-async,3407,359,34.9143783569336
no-async,3407,360,30.3579216003418
no-async,3407,361,30.9832500457764
no-async,3407,362,32.9158712387085
no-async,3407,363,32.2382891654968
no-async,3407,364,28.9068990707397
no-async,3407,365,30.2333891868591
no-async,3407,366,29.1213181495667
no-async,3407,367,30.3156736373901
no-async,3407,368,29.0297311782837
no-async,3407,369,31.1625284194946
no-async,3407,370,30.8602251052856
no-async,3407,371,30.7520186424255
no-async,3407,372,31.5726984977722
no-async,3407,373,30.7885863304138
no-async,3407,374,31.8061776161194
no-async,3407,375,28.4559505462646
no-async,3407,376,33.1214810371399
no-async,3407,377,32.1805889129639
no-async,3407,378,32.3061787605286
no-async,3407,379,31.5763024330139
no-async,3407,380,31.1644783973694
no-async,3407,381,31.5297424316406
no-async,3407,382,29.790479850769
no-async,3407,383,31.2618353843689
no-async,3407,384,31.2737221717834
no-async,3407,385,31.114783000946
no-async,3407,386,30.3628244400024
no-async,3407,387,31.7610426902771
no-async,3407,388,31.3530485153198
no-async,3407,389,31.4859886169434
no-async,3407,390,32.2449773788452
no-async,3407,391,30.2138173103333
no-async,3407,392,31.7036463737488
no-async,3407,393,34.968702507019
no-async,3407,394,32.0347767829895
no-async,3407,395,31.6477346420288
no-async,3407,396,32.1064599990845
no-async,3407,397,31.4660935401917
no-async,3407,398,29.8446462631226
no-async,3407,399,30.037921333313
no-async,3407,400,31.4820625305176
no-async,4518,1,33.7131561279297
no-async,4518,2,33.7160014152527
no-async,4518,3,34.1430132865906
no-async,4518,4,32.0753583908081
no-async,4518,5,32.390744304657
no-async,4518,6,34.7378017425537
no-async,4518,7,30.3356486797333
no-async,4518,8,33.4415472984314
no-async,4518,9,33.2576476097107
no-async,4518,10,31.8303883552551
no-async,4518,11,31.8967959403992
no-async,4518,12,35.173147392273
no-async,4518,13,32.0152767181396
no-async,4518,14,29.1309953689575
no-async,4518,15,29.8122344970703
no-async,4518,16,32.3945069313049
no-async,4518,17,33.3030032157898
no-async,4518,18,27.9264339447021
no-async,4518,19,32.0872870445251
no-async,4518,20,31.1527976036072
no-async,4518,21,27.7140301704407
no-async,4518,22,29.7001430511475
no-async,4518,23,28.8672412872314
no-async,4518,24,28.9698420524597
no-async,4518,25,25.1641173362732
no-async,4518,26,24.8862208366394
no-async,4518,27,26.7680941581726
no-async,4518,28,22.3664225578308
no-async,4518,29,24.9073644638062
no-async,4518,30,26.7136776924133
no-async,4518,31,25.932265663147
no-async,4518,32,23.6860689163208
no-async,4518,33,23.347419834137
no-async,4518,34,24.7743654251099
no-async,4518,35,26.9899994850159
no-async,4518,36,24.5300009727478
no-async,4518,37,23.8964443683624
no-async,4518,38,22.3432855606079
no-async,4518,39,23.2340434074402
no-async,4518,40,24.3291513442993
no-async,4518,41,25.9542455673218
no-async,4518,42,25.4389353752136
no-async,4518,43,24.0394750595093
no-async,4518,44,23.4811102867126
no-async,4518,45,23.1173568725586
no-async,4518,46,24.2140172958374
no-async,4518,47,21.7799369812012
no-async,4518,48,24.2639945983887
no-async,4518,49,25.0429383277893
no-async,4518,50,23.4480459213257
no-async,4518,51,22.7617448806763
no-async,4518,52,26.0741244316101
no-async,4518,53,23.0818472862244
no-async,4518,54,23.9735189437866
no-async,4518,55,24.8158990859985
no-async,4518,56,23.0939756393433
no-async,4518,57,25.3111770629883
no-async,4518,58,25.1712345123291
no-async,4518,59,23.8015270233154
no-async,4518,60,24.862052822113
no-async,4518,61,25.4437460899353
no-async,4518,62,23.3265137672424
no-async,4518,63,26.0962585449219
no-async,4518,64,25.0104268074036
no-async,4518,65,22.6219181060791
no-async,4518,66,25.0987772941589
no-async,4518,67,25.1420973777771
no-async,4518,68,25.2292269706726
no-async,4518,69,24.2605256080627
no-async,4518,70,24.6518617630005
no-async,4518,71,26.7742575645447
no-async,4518,72,24.7065136909485
no-async,4518,73,25.8821928977966
no-async,4518,74,25.238648223877
no-async,4518,75,24.1324358940125
no-async,4518,76,27.6555843353271
no-async,4518,77,29.544094657898
no-async,4518,78,24.8265267372131
no-async,4518,79,24.1105668067932
no-async,4518,80,24.2760328292847
no-async,4518,81,24.5385909080505
no-async,4518,82,25.5256524085999
no-async,4518,83,24.2931823730469
no-async,4518,84,25.8265111923218
no-async,4518,85,25.7519367218018
no-async,4518,86,27.4424279212952
no-async,4518,87,24.4502610206604
no-async,4518,88,24.3416032791138
no-async,4518,89,27.8733948707581
no-async,4518,90,24.3760635375977
no-async,4518,91,23.605512714386
no-async,4518,92,26.1799820899963
no-async,4518,93,26.1510836601257
no-async,4518,94,25.1315937995911
no-async,4518,95,24.4063870429993
no-async,4518,96,23.2946049690247
no-async,4518,97,23.8083218574524
no-async,4518,98,25.6592377662659
no-async,4518,99,25.5988883018494
no-async,4518,100,26.1877842903137
no-async,4518,101,24.8289420127869
no-async,4518,102,26.9982048034668
no-async,4518,103,26.4655705451965
no-async,4518,104,25.5972871780396
no-async,4518,105,23.5620764732361
no-async,4518,106,26.5570755958557
no-async,4518,107,26.5805250167847
no-async,4518,108,25.7729279518127
no-async,4518,109,23.1964274406433
no-async,4518,110,24.6739162445068
no-async,4518,111,27.6275636672974
no-async,4518,112,26.1418995857239
no-async,4518,113,24.5464592933655
no-async,4518,114,26.3442875862122
no-async,4518,115,25.6213850021362
no-async,4518,116,24.8268260955811
no-async,4518,117,26.5270748138428
no-async,4518,118,26.8903059959412
no-async,4518,119,25.5103427886963
no-async,4518,120,25.7997968673706
no-async,4518,121,25.3560615539551
no-async,4518,122,26.7452735900879
no-async,4518,123,24.5337797164917
no-async,4518,124,27.1294738769531
no-async,4518,125,25.9190635681152
no-async,4518,126,26.4728569030762
no-async,4518,127,25.1000046730042
no-async,4518,128,27.4202445030212
no-async,4518,129,25.7085383415222
no-async,4518,130,25.5298626899719
no-async,4518,131,23.6635981559753
no-async,4518,132,25.4239171028137
no-async,4518,133,25.2118260383606
no-async,4518,134,26.2198183059692
no-async,4518,135,26.2727905273438
no-async,4518,136,25.8567291259766
no-async,4518,137,25.6092024803162
no-async,4518,138,23.9322257041931
no-async,4518,139,27.4230734825134
no-async,4518,140,27.7557555198669
no-async,4518,141,25.3938827514648
no-async,4518,142,25.1363525390625
no-async,4518,143,26.7858041763306
no-async,4518,144,26.5938190460205
no-async,4518,145,26.1104040145874
no-async,4518,146,26.4821435928345
no-async,4518,147,25.4884108543396
no-async,4518,148,25.1146322250366
no-async,4518,149,27.3810503959656
no-async,4518,150,23.93918800354
no-async,4518,151,25.9190933227539
no-async,4518,152,26.3648116111755
no-async,4518,153,25.7196984291077
no-async,4518,154,27.2327942848206
no-async,4518,155,26.9040727615356
no-async,4518,156,25.961252784729
no-async,4518,157,25.8260817527771
no-async,4518,158,26.3681371688843
no-async,4518,159,24.955068397522
no-async,4518,160,27.4576436042786
no-async,4518,161,26.409601020813
no-async,4518,162,25.0834073066711
no-async,4518,163,27.3057859420776
no-async,4518,164,26.6729635238647
no-async,4518,165,27.2431610107422
no-async,4518,166,24.4025328636169
no-async,4518,167,28.526346206665
no-async,4518,168,27.0147268295288
no-async,4518,169,26.162651348114
no-async,4518,170,25.0536425590515
no-async,4518,171,28.1296606063843
no-async,4518,172,25.3573444366455
no-async,4518,173,26.9886444091797
no-async,4518,174,28.2975147247314
no-async,4518,175,25.882670211792
no-async,4518,176,28.7367703437805
no-async,4518,177,26.7000726699829
no-async,4518,178,25.2338963508606
no-async,4518,179,28.2913156509399
no-async,4518,180,30.5119379043579
no-async,4518,181,24.2977558135986
no-async,4518,182,28.5494428634644
no-async,4518,183,29.6465567588806
no-async,4518,184,27.0262805938721
no-async,4518,185,26.3109958648682
no-async,4518,186,25.140647983551
no-async,4518,187,28.3562581062317
no-async,4518,188,26.1448390960693
no-async,4518,189,26.3754593849182
no-async,4518,190,28.1770500183105
no-async,4518,191,26.8520874977112
no-async,4518,192,26.013143825531
no-async,4518,193,29.2123798370361
no-async,4518,194,24.7131092071533
no-async,4518,195,27.4501292228699
no-async,4518,196,26.7484425544739
no-async,4518,197,27.0061721801758
no-async,4518,198,27.2029794692993
no-async,4518,199,28.9317284584045
no-async,4518,200,27.8848066329956
no-async,4518,201,26.5201807022095
no-async,4518,202,26.3547041893005
no-async,4518,203,27.6762084007263
no-async,4518,204,27.6251532554626
no-async,4518,205,27.6694735527039
no-async,4518,206,26.8496657371521
no-async,4518,207,27.2870456695557
no-async,4518,208,26.0748640060425
no-async,4518,209,25.3669630050659
no-async,4518,210,26.3632569313049
no-async,4518,211,25.7816613197327
no-async,4518,212,25.3646145820618
no-async,4518,213,30.3447368621826
no-async,4518,214,28.6764631271362
no-async,4518,215,26.6961263656616
no-async,4518,216,28.2493546485901
no-async,4518,217,26.1425712585449
no-async,4518,218,26.3304440498352
no-async,4518,219,26.6443208694458
no-async,4518,220,25.6444623947144
no-async,4518,221,27.8325140953064
no-async,4518,222,27.5820290565491
no-async,4518,223,27.9436211585999
no-async,4518,224,26.6814490318298
no-async,4518,225,29.1807786941528
no-async,4518,226,27.977184009552
no-async,4518,227,28.5496471405029
no-async,4518,228,29.7674489974976
no-async,4518,229,24.8395212173462
no-async,4518,230,27.9101991653442
no-async,4518,231,27.2382606506348
no-async,4518,232,27.4689254760742
no-async,4518,233,26.1173764228821
no-async,4518,234,27.7376605987549
no-async,4518,235,27.2763538360596
no-async,4518,236,29.9615401268005
no-async,4518,237,25.5359206199646
no-async,4518,238,29.3332270622253
no-async,4518,239,30.1637794494629
no-async,4518,240,25.3963299751282
no-async,4518,241,28.3316962242126
no-async,4518,242,28.3587929725647
no-async,4518,243,26.4780269622803
no-async,4518,244,27.4392859458923
no-async,4518,245,27.1005621910095
no-async,4518,246,26.9758284568787
no-async,4518,247,26.0831521034241
no-async,4518,248,26.0458353042603
no-async,4518,249,26.2106966972351
no-async,4518,250,26.9363025665283
no-async,4518,251,29.5491470336914
no-async,4518,252,26.7281964302063
no-async,4518,253,26.3796188354492
no-async,4518,254,29.0946098327637
no-async,4518,255,28.2026936531067
no-async,4518,256,29.2087072372437
no-async,4518,257,27.774610710144
no-async,4518,258,26.5606625556946
no-async,4518,259,27.559206199646
no-async,4518,260,28.3397157669067
no-async,4518,261,30.4981291770935
no-async,4518,262,27.2368951797485
no-async,4518,263,28.4414101600647
no-async,4518,264,26.7903716087341
no-async,4518,265,28.5581394195557
no-async,4518,266,27.6024454116821
no-async,4518,267,27.4935525894165
no-async,4518,268,28.1471740722656
no-async,4518,269,27.5907734870911
no-async,4518,270,27.2241187095642
no-async,4518,271,27.7579593658447
no-async,4518,272,28.4059648513794
no-async,4518,273,28.4597364425659
no-async,4518,274,27.0892740249634
no-async,4518,275,26.7403280258179
no-async,4518,276,29.7865206718445
no-async,4518,277,30.3546514511108
no-async,4518,278,27.1980635643005
no-async,4518,279,27.4392016410828
no-async,4518,280,26.295848941803
no-async,4518,281,28.7543996810913
no-async,4518,282,26.6042213439941
no-async,4518,283,28.398775100708
no-async,4518,284,30.2845587730408
no-async,4518,285,30.0068853378296
no-async,4518,286,30.9307377815247
no-async,4518,287,30.9118217468262
no-async,4518,288,29.6900824546814
no-async,4518,289,30.2973996162415
no-async,4518,290,28.3339231491089
no-async,4518,291,30.1706058502197
no-async,4518,292,30.1268679618835
no-async,4518,293,30.7424733161926
no-async,4518,294,29.2326606750488
no-async,4518,295,29.9579022407532
no-async,4518,296,29.8858684539795
no-async,4518,297,28.3576368331909
no-async,4518,298,31.7285395622253
no-async,4518,299,31.1187110900879
no-async,4518,300,27.7672777175903
no-async,4518,301,29.4034065246582
no-async,4518,302,30.569605255127
no-async,4518,303,28.4816537857056
no-async,4518,304,30.4505174636841
no-async,4518,305,31.0441226959229
no-async,4518,306,29.74408826828
no-async,4518,307,30.6753636360168
no-async,4518,308,30.4638936042786
no-async,4518,309,31.1858345985413
no-async,4518,310,28.1777961730957
no-async,4518,311,29.0246929168701
no-async,4518,312,28.7405577659607
no-async,4518,313,30.328306388855
no-async,4518,314,29.5227565765381
no-async,4518,315,29.4110311508179
no-async,4518,316,28.6639908790588
no-async,4518,317,30.0782975196838
no-async,4518,318,29.0870802879334
no-async,4518,319,29.5173624992371
no-async,4518,320,30.5447124481201
no-async,4518,321,31.513775062561
no-async,4518,322,29.5972661972046
no-async,4518,323,30.4709750175476
no-async,4518,324,32.1326772689819
no-async,4518,325,27.9380193710327
no-async,4518,326,29.72169713974
no-async,4518,327,31.6360455513001
no-async,4518,328,30.7016515731812
no-async,4518,329,28.3386040687561
no-async,4518,330,28.6635315895081
no-async,4518,331,30.8007161140442
no-async,4518,332,30.3303260803223
no-async,4518,333,29.5336496353149
no-async,4518,334,30.4689831733704
no-async,4518,335,29.6677758216858
no-async,4518,336,31.4485903739929
no-async,4518,337,30.6838438034058
no-async,4518,338,26.5226029396057
no-async,4518,339,30.2142624855042
no-async,4518,340,29.5548419952393
no-async,4518,341,29.8013412475586
no-async,4518,342,31.5989598274231
no-async,4518,343,29.2357442855835
no-async,4518,344,29.4178483963013
no-async,4518,345,29.6841866493225
no-async,4518,346,29.0879398345947
no-async,4518,347,30.5904448509216
no-async,4518,348,30.5162346839905
no-async,4518,349,29.7793797492981
no-async,4518,350,28.3988754272461
no-async,4518,351,30.3148158073425
no-async,4518,352,30.7433825492859
no-async,4518,353,33.651807975769
no-async,4518,354,30.5236186981201
no-async,4518,355,31.7897390365601
no-async,4518,356,28.8668933868408
no-async,4518,357,31.4449789047241
no-async,4518,358,29.642505645752
no-async,4518,359,30.2654458999634
no-async,4518,360,29.5114508628845
no-async,4518,361,29.6263573646545
no-async,4518,362,29.0548503875732
no-async,4518,363,30.6787472724915
no-async,4518,364,29.9331727981567
no-async,4518,365,31.8860018730164
no-async,4518,366,30.4384770393372
no-async,4518,367,30.3841802597046
no-async,4518,368,30.1628284454346
no-async,4518,369,29.4627348899841
no-async,4518,370,29.890015411377
no-async,4518,371,34.238533782959
no-async,4518,372,30.3448894500732
no-async,4518,373,31.0370617866516
no-async,4518,374,30.4641441345215
no-async,4518,375,30.3892068862915
no-async,4518,376,30.9460433006287
no-async,4518,377,31.8463533401489
no-async,4518,378,30.8224569320679
no-async,4518,379,31.0949643135071
no-async,4518,380,31.7667689323425
no-async,4518,381,32.6339444160461
no-async,4518,382,31.2555970191956
no-async,4518,383,28.414032459259
no-async,4518,384,32.806840133667
no-async,4518,385,29.8597504615784
no-async,4518,386,33.3624664306641
no-async,4518,387,32.3357139587402
no-async,4518,388,33.4596083641052
no-async,4518,389,31.6582139968872
no-async,4518,390,32.6311250686646
no-async,4518,391,33.7153293609619
no-async,4518,392,30.8089239120483
no-async,4518,393,34.3618143081665
no-async,4518,394,32.1569109916687
no-async,4518,395,32.0638121604919
no-async,4518,396,34.3484406471252
no-async,4518,397,33.4723236083984
no-async,4518,398,31.2956261634827
no-async,4518,399,33.2698530197144
no-async,4518,400,30.9416724205017
no-async,5629,1,33.7603660583496
no-async,5629,2,35.8521431446075
no-async,5629,3,35.8514343261719
no-async,5629,4,33.849001789093
no-async,5629,5,34.3836706161499
no-async,5629,6,31.9104950904846
no-async,5629,7,29.4875716209412
no-async,5629,8,31.2729948997498
no-async,5629,9,31.3110743522644
no-async,5629,10,30.6264070510864
no-async,5629,11,30.782511138916
no-async,5629,12,31.7853509902954
no-async,5629,13,31.1348061561584
no-async,5629,14,32.0406562805176
no-async,5629,15,28.9512073516846
no-async,5629,16,25.6467312812805
no-async,5629,17,30.9842812538147
no-async,5629,18,26.1689978599548
no-async,5629,19,31.2795079231262
no-async,5629,20,24.5484163284302
no-async,5629,21,28.4642317771912
no-async,5629,22,26.0549915313721
no-async,5629,23,22.2926574230194
no-async,5629,24,28.3597994327545
no-async,5629,25,26.3750821590424
no-async,5629,26,26.1053337574005
no-async,5629,27,24.2926153182983
no-async,5629,28,25.3682691574097
no-async,5629,29,28.5089727401733
no-async,5629,30,22.0686186790466
no-async,5629,31,24.6307011604309
no-async,5629,32,24.7928651809692
no-async,5629,33,23.9140860557556
no-async,5629,34,26.3619729042053
no-async,5629,35,27.1014643669128
no-async,5629,36,23.0452894210815
no-async,5629,37,24.191072845459
no-async,5629,38,22.5313022613525
no-async,5629,39,24.1811184883118
no-async,5629,40,22.5109192848206
no-async,5629,41,21.7711573600769
no-async,5629,42,23.8894520759583
no-async,5629,43,24.4453568458557
no-async,5629,44,23.6786792755127
no-async,5629,45,22.1675016403198
no-async,5629,46,23.8954807281494
no-async,5629,47,24.0980708122253
no-async,5629,48,25.6663149833679
no-async,5629,49,25.928653717041
no-async,5629,50,24.932217502594
no-async,5629,51,23.8670171737671
no-async,5629,52,23.8550145626068
no-async,5629,53,24.3966382980347
no-async,5629,54,24.132710647583
no-async,5629,55,23.1033686637878
no-async,5629,56,27.7752155303955
no-async,5629,57,24.7120435714722
no-async,5629,58,23.0407823562622
no-async,5629,59,23.7964935302734
no-async,5629,60,26.5038259506226
no-async,5629,61,21.8868293762207
no-async,5629,62,26.2460155487061
no-async,5629,63,26.2299706459045
no-async,5629,64,23.4642478942871
no-async,5629,65,23.340209197998
no-async,5629,66,22.2759169101715
no-async,5629,67,22.6651973724365
no-async,5629,68,25.5305453300476
no-async,5629,69,26.314079284668
no-async,5629,70,24.7955296516418
no-async,5629,71,23.0220369338989
no-async,5629,72,25.8728281021118
no-async,5629,73,25.3414547920227
no-async,5629,74,26.130978679657
no-async,5629,75,23.6028328895569
no-async,5629,76,24.9781556129456
no-async,5629,77,22.9812873840332
no-async,5629,78,22.5688973426819
no-async,5629,79,23.8681920051575
no-async,5629,80,24.9726561546326
no-async,5629,81,25.0120934486389
no-async,5629,82,25.8827983856201
no-async,5629,83,24.5431198120117
no-async,5629,84,25.4434174537659
no-async,5629,85,26.156064414978
no-async,5629,86,25.6652359962463
no-async,5629,87,24.6246312141418
no-async,5629,88,23.4503391265869
no-async,5629,89,24.6502429962158
no-async,5629,90,24.3938115119934
no-async,5629,91,24.8967584609985
no-async,5629,92,26.9076525688171
no-async,5629,93,25.8336462974548
no-async,5629,94,24.5085735321045
no-async,5629,95,24.4153403282166
no-async,5629,96,24.8854893684387
no-async,5629,97,24.9160872459412
no-async,5629,98,28.2988154411316
no-async,5629,99,26.5221802711487
no-async,5629,100,24.3237454414368
no-async,5629,101,24.5627762794495
no-async,5629,102,25.9315558433533
no-async,5629,103,24.0116386413574
no-async,5629,104,25.6596364021301
no-async,5629,105,25.2726141929626
no-async,5629,106,23.0113989830017
no-async,5629,107,25.4245901107788
no-async,5629,108,28.6162668228149
no-async,5629,109,25.7453053474426
no-async,5629,110,25.3851682662964
no-async,5629,111,28.9649849891663
no-async,5629,112,24.746320438385
no-async,5629,113,24.8998951911926
no-async,5629,114,25.6425833702087
no-async,5629,115,24.3984086036682
no-async,5629,116,26.5362330436707
no-async,5629,117,24.6387581825256
no-async,5629,118,24.3219151496887
no-async,5629,119,28.1313514709473
no-async,5629,120,24.7466626167297
no-async,5629,121,24.5036789894104
no-async,5629,122,26.1567206382751
no-async,5629,123,24.6050022125244
no-async,5629,124,22.7976283073425
no-async,5629,125,23.713826084137
no-async,5629,126,27.1610307693481
no-async,5629,127,26.205757522583
no-async,5629,128,24.373221206665
no-async,5629,129,26.0280026435852
no-async,5629,130,26.4753268241882
no-async,5629,131,27.2927076339722
no-async,5629,132,22.9951277732849
no-async,5629,133,24.3569641113281
no-async,5629,134,26.331631565094
no-async,5629,135,27.6096692085266
no-async,5629,136,24.4324769020081
no-async,5629,137,24.9197593688965
no-async,5629,138,23.8910172462463
no-async,5629,139,24.6977828025818
no-async,5629,140,25.0984504699707
no-async,5629,141,27.4774574279785
no-async,5629,142,27.5515657424927
no-async,5629,143,25.0962787628174
no-async,5629,144,25.4965788841248
no-async,5629,145,24.820414352417
no-async,5629,146,26.3584474563599
no-async,5629,147,27.0635272026062
no-async,5629,148,26.61653881073
no-async,5629,149,26.4260643959045
no-async,5629,150,26.6987646102905
no-async,5629,151,26.7183445930481
no-async,5629,152,25.6320858001709
no-async,5629,153,26.7293147087097
no-async,5629,154,28.1630073547363
no-async,5629,155,25.301615524292
no-async,5629,156,24.679204750061
no-async,5629,157,24.2403082847595
no-async,5629,158,26.2147974014282
no-async,5629,159,26.467769908905
no-async,5629,160,25.4415921211243
no-async,5629,161,25.3458768844604
no-async,5629,162,26.1441972732544
no-async,5629,163,25.2478516578674
no-async,5629,164,29.0332752227783
no-async,5629,165,27.0501688957214
no-async,5629,166,27.3936717987061
no-async,5629,167,27.6236731529236
no-async,5629,168,25.0200361251831
no-async,5629,169,27.2693776130676
no-async,5629,170,24.2977151870728
no-async,5629,171,27.5481539726257
no-async,5629,172,25.3650738716125
no-async,5629,173,25.5514538764954
no-async,5629,174,26.69767370224
no-async,5629,175,25.0465969085693
no-async,5629,176,26.6846752166748
no-async,5629,177,27.6168879508972
no-async,5629,178,27.5967906951904
no-async,5629,179,28.1234426498413
no-async,5629,180,27.564875125885
no-async,5629,181,24.5597724914551
no-async,5629,182,26.3715693473816
no-async,5629,183,27.3547826766968
no-async,5629,184,27.3231409072876
no-async,5629,185,24.9687761306763
no-async,5629,186,28.4825791358948
no-async,5629,187,26.0657534599304
no-async,5629,188,26.5666470527649
no-async,5629,189,24.8814137458801
no-async,5629,190,26.7169657707214
no-async,5629,191,26.7622797012329
no-async,5629,192,26.3107272148132
no-async,5629,193,26.5426565170288
no-async,5629,194,25.7769110679626
no-async,5629,195,24.5871265411377
no-async,5629,196,25.3300968170166
no-async,5629,197,28.6358679771423
no-async,5629,198,26.1715850830078
no-async,5629,199,27.4954760551453
no-async,5629,200,28.2182618141174
no-async,5629,201,26.261388874054
no-async,5629,202,26.0727478027344
no-async,5629,203,26.5802298545837
no-async,5629,204,27.0786982536316
no-async,5629,205,25.70484790802
no-async,5629,206,27.0579548835754
no-async,5629,207,28.3243621826172
no-async,5629,208,25.028783416748
no-async,5629,209,27.5352799415588
no-async,5629,210,26.5504138946533
no-async,5629,211,26.1663271903992
no-async,5629,212,29.1809541702271
no-async,5629,213,29.043558216095
no-async,5629,214,26.5702621459961
no-async,5629,215,27.3102410316467
no-async,5629,216,28.0420798301697
no-async,5629,217,29.9402022361755
no-async,5629,218,25.5255928993225
no-async,5629,219,27.9184449195862
no-async,5629,220,27.8475248336792
no-async,5629,221,27.7217116355896
no-async,5629,222,26.8302000045776
no-async,5629,223,28.1370896339416
no-async,5629,224,26.1696277618408
no-async,5629,225,25.8974186897278
no-async,5629,226,24.9984992027283
no-async,5629,227,27.6748073577881
no-async,5629,228,27.6625943183899
no-async,5629,229,26.3569175720215
no-async,5629,230,28.5181708335876
no-async,5629,231,27.1129474639893
no-async,5629,232,27.075233745575
no-async,5629,233,27.0380272865295
no-async,5629,234,29.0752135276794
no-async,5629,235,27.5961808204651
no-async,5629,236,27.1778350830078
no-async,5629,237,29.0739686012268
no-async,5629,238,27.9586375236511
no-async,5629,239,28.9446756362915
no-async,5629,240,29.1569769859314
no-async,5629,241,27.8904280662537
no-async,5629,242,29.5821040153503
no-async,5629,243,27.4068704605103
no-async,5629,244,29.1610624313354
no-async,5629,245,25.8482983589172
no-async,5629,246,26.4199074745178
no-async,5629,247,28.2256845474243
no-async,5629,248,27.9665305137634
no-async,5629,249,29.5957117080688
no-async,5629,250,26.561990070343
no-async,5629,251,27.6747489929199
no-async,5629,252,27.746012878418
no-async,5629,253,28.0987911224365
no-async,5629,254,28.0940783500671
no-async,5629,255,25.8994341850281
no-async,5629,256,27.5746691703796
no-async,5629,257,27.8891136169434
no-async,5629,258,27.9757942199707
no-async,5629,259,26.3917670249939
no-async,5629,260,26.8726114273071
no-async,5629,261,31.2769015312195
no-async,5629,262,29.522603225708
no-async,5629,263,28.4825442314148
no-async,5629,264,27.597239780426
no-async,5629,265,29.5789474487305
no-async,5629,266,27.5338871955872
no-async,5629,267,29.7577074050903
no-async,5629,268,27.4896284103394
no-async,5629,269,29.984527015686
no-async,5629,270,26.9272841453552
no-async,5629,271,29.9548627853394
no-async,5629,272,27.0496213912964
no-async,5629,273,25.9423010826111
no-async,5629,274,28.7565399169922
no-async,5629,275,28.6948288917541
no-async,5629,276,28.987250328064
no-async,5629,277,29.0308306694031
no-async,5629,278,27.4598122596741
no-async,5629,279,26.6457091331482
no-async,5629,280,27.9984142303467
no-async,5629,281,26.3002956390381
no-async,5629,282,28.4303354263306
no-async,5629,283,27.5207458496094
no-async,5629,284,25.0902444839478
no-async,5629,285,27.0864454269409
no-async,5629,286,28.8964274406433
no-async,5629,287,27.2816954612732
no-async,5629,288,27.8549876213074
no-async,5629,289,28.8885484695435
no-async,5629,290,29.5181769371033
no-async,5629,291,28.7556750297546
no-async,5629,292,27.6605031967163
no-async,5629,293,26.8540909767151
no-async,5629,294,27.4049625396729
no-async,5629,295,29.4328413963318
no-async,5629,296,27.4586054801941
no-async,5629,297,28.0664766311646
no-async,5629,298,29.7303757667542
no-async,5629,299,28.2765507698059
no-async,5629,300,30.3040885925293
no-async,5629,301,30.8641181945801
no-async,5629,302,28.4142004013062
no-async,5629,303,29.5818979263306
no-async,5629,304,29.3191366195679
no-async,5629,305,29.1337187767029
no-async,5629,306,29.6205924987793
no-async,5629,307,27.8194264411926
no-async,5629,308,30.3355715751648
no-async,5629,309,27.0195530891418
no-async,5629,310,28.5325238227844
no-async,5629,311,26.9971610069275
no-async,5629,312,30.7715794563293
no-async,5629,313,29.1639108657837
no-async,5629,314,29.0584422111511
no-async,5629,315,31.1197469711304
no-async,5629,316,29.2389523506165
no-async,5629,317,28.586875629425
no-async,5629,318,30.524178981781
no-async,5629,319,28.6314072608948
no-async,5629,320,27.8001039505005
no-async,5629,321,28.4218014717102
no-async,5629,322,30.7922147750854
no-async,5629,323,28.6061431884766
no-async,5629,324,28.2188071250916
no-async,5629,325,29.6937782287598
no-async,5629,326,31.5251630783081
no-async,5629,327,29.7360670089722
no-async,5629,328,29.313437461853
no-async,5629,329,29.8612893104553
no-async,5629,330,30.4638847351074
no-async,5629,331,30.0568696975708
no-async,5629,332,30.7243734359741
no-async,5629,333,27.9266509056091
no-async,5629,334,28.6255222320557
no-async,5629,335,30.2820249557495
no-async,5629,336,27.7646721839905
no-async,5629,337,30.5242216110229
no-async,5629,338,29.1443314552307
no-async,5629,339,29.5376617431641
no-async,5629,340,30.4146271705627
no-async,5629,341,30.2298641204834
no-async,5629,342,30.7099342346191
no-async,5629,343,29.161723613739
no-async,5629,344,30.157034778595
no-async,5629,345,28.5064685821533
no-async,5629,346,27.9127222061157
no-async,5629,347,30.6003312110901
no-async,5629,348,31.7644735336304
no-async,5629,349,30.2610231399536
no-async,5629,350,29.2269898414612
no-async,5629,351,28.7421166419983
no-async,5629,352,29.5305736541748
no-async,5629,353,32.0195895195007
no-async,5629,354,29.7199639320374
no-async,5629,355,29.8703620910645
no-async,5629,356,29.0407111167908
no-async,5629,357,29.6569504737854
no-async,5629,358,27.7396186828613
no-async,5629,359,27.6433599472046
no-async,5629,360,30.2934549331665
no-async,5629,361,29.3876363754272
no-async,5629,362,30.6335436820984
no-async,5629,363,29.7406817436218
no-async,5629,364,30.3143483161926
no-async,5629,365,31.0349266052246
no-async,5629,366,31.1585446357727
no-async,5629,367,31.8107406616211
no-async,5629,368,29.608428478241
no-async,5629,369,29.9768593788147
no-async,5629,370,29.7596307754517
no-async,5629,371,29.4596927642822
no-async,5629,372,29.7342691421509
no-async,5629,373,27.7262710571289
no-async,5629,374,30.7524828910828
no-async,5629,375,30.7368116378784
no-async,5629,376,29.6038659095764
no-async,5629,377,32.0593583106995
no-async,5629,378,34.606073474884
no-async,5629,379,29.8305418014526
no-async,5629,380,31.1963587760925
no-async,5629,381,32.3112483024597
no-async,5629,382,30.0480739593506
no-async,5629,383,31.5418448448181
no-async,5629,384,31.4369827270508
no-async,5629,385,30.7400974273682
no-async,5629,386,30.1901965141296
no-async,5629,387,31.2809185028076
no-async,5629,388,31.7829796791077
no-async,5629,389,31.3932520866394
no-async,5629,390,30.6587064743042
no-async,5629,391,32.1094403266907
no-async,5629,392,30.9656374931335
no-async,5629,393,32.3750699996948
no-async,5629,394,30.890408706665
no-async,5629,395,30.0702828407288
no-async,5629,396,32.5020237922668
no-async,5629,397,30.0079999923706
no-async,5629,398,31.7145800590515
no-async,5629,399,29.5848802566528
no-async,5629,400,33.1840250015259
