variant,seed,round,mean_attention_entropy
Full,3407,1,0.0796597898006439
Full,3407,2,0.0791391953825951
Full,3407,3,0.0761274993419647
Full,3407,4,0.0739217400550842
Full,3407,5,0.0790838226675987
Full,3407,6,0.077454574406147
Full,3407,7,0.0754067152738571
Full,3407,8,0.0785677060484886
Full,3407,9,0.0771223679184914
Full,3407,10,0.0783590376377106
Full,3407,11,0.0816160514950752
Full,3407,12,0.0769526213407516
Full,3407,13,0.074538841843605
Full,3407,14,0.0765691846609116
Full,3407,15,0.0766033977270126
Full,3407,16,0.0764439851045609
Full,3407,17,0.0795746743679047
Full,3407,18,0.0749683976173401
Full,3407,19,0.0773134976625443
Full,3407,20,0.08160749822855
Full,3407,21,0.0723055377602577
Full,3407,22,0.0780541598796844
Full,3407,23,0.0743487253785133
Full,3407,24,0.0750992000102997
Full,3407,25,0.077631413936615
Full,3407,26,0.0730895400047302
Full,3407,27,0.0774398520588875
Full,3407,28,0.0754281058907509
Full,3407,29,0.0762055963277817
Full,3407,30,0.0766606628894806
Full,3407,31,0.0734036564826965
Full,3407,32,0.0765560120344162
Full,3407,33,0.0790899470448494
Full,3407,34,0.0774424076080322
Full,3407,35,0.0719856172800064
Full,3407,36,0.0749799162149429
Full,3407,37,0.0769300386309624
Full,3407,38,0.0746198147535324
Full,3407,39,0.0797365605831146
Full,3407,40,0.0786726698279381
Full,3407,41,0.073219820857048
Full,3407,42,0.0765536203980446
Full,3407,43,0.0764435082674026
Full,3407,44,0.0729376152157784
Full,3407,45,0.0769960135221481
Full,3407,46,0.0835817381739616
Full,3407,47,0.0800098031759262
Full,3407,48,0.0761481299996376
Full,3407,49,0.0780327916145325
Full,3407,50,0.0745388865470886
Full,3407,51,0.0772128999233246
Full,3407,52,0.083876296877861
Full,3407,53,0.0774895027279854
Full,3407,54,0.0759997218847275
Full,3407,55,0.0761757716536522
Full,3407,56,0.0792889818549156
Full,3407,57,0.0765736997127533
Full,3407,58,0.0767880976200104
Full,3407,59,0.0764449909329414
Full,3407,60,0.0807448551058769
Full,3407,61,0.0785665288567543
Full,3407,62,0.0749496221542358
Full,3407,63,0.073377899825573
Full,3407,64,0.0771896913647652
Full,3407,65,0.0807735919952393
Full,3407,66,0.0747212544083595
Full,3407,67,0.0744938179850578
Full,3407,68,0.0706802159547806
Full,3407,69,0.0741112157702446
Full,3407,70,0.0760743245482445
Full,3407,71,0.0761920064687729
Full,3407,72,0.074420228600502
Full,3407,73,0.081011988222599
Full,3407,74,0.0745875388383865
Full,3407,75,0.0754842981696129
Full,3407,76,0.076264925301075
Full,3407,77,0.0782551914453506
Full,3407,78,0.0759621113538742
Full,3407,79,0.078310638666153
Full,3407,80,0.074220284819603
Full,3407,81,0.07540213316679
Full,3407,82,0.0756036341190338
Full,3407,83,0.0791154429316521
Full,3407,84,0.0745311304926872
Full,3407,85,0.0716272667050362
Full,3407,86,0.0728797167539597
Full,3407,87,0.0764544457197189
Full,3407,88,0.0745704621076584
Full,3407,89,0.08062943816185
Full,3407,90,0.0761541649699211
Full,3407,91,0.0724211037158966
Full,3407,92,0.0755315572023392
Full,3407,93,0.0804432183504105
Full,3407,94,0.0822315663099289
Full,3407,95,0.0782317668199539
Full,3407,96,0.0761348307132721
Full,3407,97,0.0770675539970398
Full,3407,98,0.0832435861229897
Full,3407,99,0.0776604264974594
Full,3407,100,0.0746469423174858
Full,3407,101,0.0678471252322197
Full,3407,102,0.074075736105442
Full,3407,103,0.0752214938402176
Full,3407,104,0.0726263597607613
Full,3407,105,0.0757718160748482
Full,3407,106,0.0761682465672493
Full,3407,107,0.0789081752300262
Full,3407,108,0.0781382992863655
Full,3407,109,0.06998610496521
Full,3407,110,0.0745458230376244
Full,3407,111,0.0750816091895103
Full,3407,112,0.0765130147337914
Full,3407,113,0.0756868720054626
Full,3407,114,0.0697456821799278
Full,3407,115,0.0798635557293892
Full,3407,116,0.0703305378556252
Full,3407,117,0.0720822438597679
Full,3407,118,0.0787376761436462
Full,3407,119,0.0799717232584953
Full,3407,120,0.0757815837860107
Full,3407,121,0.0737131014466286
Full,3407,122,0.0733933672308922
Full,3407,123,0.072309248149395
Full,3407,124,0.0718352496623993
Full,3407,125,0.0753434896469116
Full,3407,126,0.0763793215155602
Full,3407,127,0.078862302005291
Full,3407,128,0.070949099957943
Full,3407,129,0.0751365199685097
Full,3407,130,0.0742019861936569
Full,3407,131,0.0750711336731911
Full,3407,132,0.0793511867523193
Full,3407,133,0.0806998759508133
Full,3407,134,0.0729446411132812
Full,3407,135,0.0728001743555069
Full,3407,136,0.0757787898182869
Full,3407,137,0.0746627822518349
Full,3407,138,0.0743722692131996
Full,3407,139,0.0751750916242599
Full,3407,140,0.0743249803781509
Full,3407,141,0.0753492116928101
Full,3407,142,0.0693036317825317
Full,3407,143,0.0732765942811966
Full,3407,144,0.0719529092311859
Full,3407,145,0.0728453919291496
Full,3407,146,0.0738811790943146
Full,3407,147,0.0793106108903885
Full,3407,148,0.0747737661004066
Full,3407,149,0.0693669393658638
Full,3407,150,0.0700544565916061
Full,3407,151,0.0759949311614037
Full,3407,152,0.0744298547506332
Full,3407,153,0.0770488157868385
Full,3407,154,0.0784355476498604
Full,3407,155,0.0722570791840553
Full,3407,156,0.0763457715511322
Full,3407,157,0.0748999118804932
Full,3407,158,0.0777634978294373
Full,3407,159,0.0723766908049583
Full,3407,160,0.0760742500424385
Full,3407,161,0.0816097110509872
Full,3407,162,0.0722029060125351
Full,3407,163,0.0719669759273529
Full,3407,164,0.0716478526592255
Full,3407,165,0.0707195848226547
Full,3407,166,0.0732745975255966
Full,3407,167,0.0803372859954834
Full,3407,168,0.0753858536481857
Full,3407,169,0.0782499834895134
Full,3407,170,0.0734139606356621
Full,3407,171,0.0721594244241714
Full,3407,172,0.0799933969974518
Full,3407,173,0.0778415277600288
Full,3407,174,0.0817185416817665
Full,3407,175,0.0735089331865311
Full,3407,176,0.073256753385067
Full,3407,177,0.0752447322010994
Full,3407,178,0.0778096467256546
Full,3407,179,0.0715415328741074
Full,3407,180,0.0714473575353622
Full,3407,181,0.0767135322093964
Full,3407,182,0.0795515179634094
Full,3407,183,0.0737760588526726
Full,3407,184,0.0745198279619217
Full,3407,185,0.073958694934845
Full,3407,186,0.0731333866715431
Full,3407,187,0.0709072574973106
Full,3407,188,0.0723044574260712
Full,3407,189,0.0745202749967575
Full,3407,190,0.0746737793087959
Full,3407,191,0.0746297538280487
Full,3407,192,0.0728063359856606
Full,3407,193,0.0764733403921127
Full,3407,194,0.0720157399773598
Full,3407,195,0.0687135756015778
Full,3407,196,0.0769776776432991
Full,3407,197,0.0739568620920181
Full,3407,198,0.0756880789995193
Full,3407,199,0.0720295533537865
Full,3407,200,0.0698389858007431
Full,3407,201,0.0731460079550743
Full,3407,202,0.0703702047467232
Full,3407,203,0.0754860118031502
Full,3407,204,0.0737672820687294
Full,3407,205,0.0758331567049026
Full,3407,206,0.0743900015950203
Full,3407,207,0.0757766738533974
Full,3407,208,0.0719058811664581
Full,3407,209,0.0734522789716721
Full,3407,210,0.0790997073054314
Full,3407,211,0.0694064199924469
Full,3407,212,0.0746980533003807
Full,3407,213,0.0722634047269821
Full,3407,214,0.077543132007122
Full,3407,215,0.0728634521365166
Full,3407,216,0.0755754560232162
Full,3407,217,0.0682674050331116
Full,3407,218,0.0768871083855629
Full,3407,219,0.0711735412478447
Full,3407,220,0.068755567073822
Full,3407,221,0.0728858113288879
Full,3407,222,0.0747202485799789
Full,3407,223,0.072091743350029
Full,3407,224,0.0722440332174301
Full,3407,225,0.0748481452465057
Full,3407,226,0.0723568424582481
Full,3407,227,0.0697143077850342
Full,3407,228,0.0692701637744904
Full,3407,229,0.0718793869018555
Full,3407,230,0.0731192454695702
Full,3407,231,0.0738102197647095
Full,3407,232,0.0724364444613457
Full,3407,233,0.0740112438797951
Full,3407,234,0.0667481571435928
Full,3407,235,0.0762076303362846
Full,3407,236,0.0738098174333572
Full,3407,237,0.0674826949834824
Full,3407,238,0.0800391882658005
Full,3407,239,0.0693574696779251
Full,3407,240,0.0731674507260323
Full,3407,241,0.0724727585911751
Full,3407,242,0.069520078599453
Full,3407,243,0.0702099427580833
Full,3407,244,0.0701817497611046
Full,3407,245,0.0753097385168076
Full,3407,246,0.0728566721081734
Full,3407,247,0.0718560442328453
Full,3407,248,0.0706062838435173
Full,3407,249,0.0705896317958832
Full,3407,250,0.0758407562971115
Full,3407,251,0.0721549093723297
Full,3407,252,0.0731577277183533
Full,3407,253,0.0696010887622833
Full,3407,254,0.0678362101316452
Full,3407,255,0.070169173181057
Full,3407,256,0.073751874268055
Full,3407,257,0.0722898617386818
Full,3407,258,0.0710474252700806
Full,3407,259,0.0718276649713516
Full,3407,260,0.0706536993384361
Full,3407,261,0.0685199424624443
Full,3407,262,0.0694749727845192
Full,3407,263,0.0712443292140961
Full,3407,264,0.0657659694552422
Full,3407,265,0.0729011371731758
Full,3407,266,0.0674705803394318
Full,3407,267,0.0732352584600449
Full,3407,268,0.0670890435576439
Full,3407,269,0.069292388856411
Full,3407,270,0.0685262084007263
Full,3407,271,0.0724272429943085
Full,3407,272,0.0738697201013565
Full,3407,273,0.0699906870722771
Full,3407,274,0.0704219788312912
Full,3407,275,0.0752794817090034
Full,3407,276,0.0690383315086365
Full,3407,277,0.0715681686997414
Full,3407,278,0.067354716360569
Full,3407,279,0.0704335942864418
Full,3407,280,0.0714717283844948
Full,3407,281,0.0734576731920242
Full,3407,282,0.0677277073264122
Full,3407,283,0.0724580958485603
Full,3407,284,0.071548767387867
Full,3407,285,0.0700366869568825
Full,3407,286,0.0655879750847816
Full,3407,287,0.0734938979148865
Full,3407,288,0.0729052349925041
Full,3407,289,0.068682461977005
Full,3407,290,0.0673182159662247
Full,3407,291,0.0681665316224098
Full,3407,292,0.0707103908061981
Full,3407,293,0.0710342153906822
Full,3407,294,0.0689313337206841
Full,3407,295,0.0727652162313461
Full,3407,296,0.0683720335364342
Full,3407,297,0.0682982951402664
Full,3407,298,0.0714257881045341
Full,3407,299,0.065944105386734
Full,3407,300,0.0673151388764381
Full,3407,301,0.0656026005744934
Full,3407,302,0.0726296380162239
Full,3407,303,0.064373716711998
Full,3407,304,0.0720660835504532
Full,3407,305,0.071073979139328
Full,3407,306,0.067933700978756
Full,3407,307,0.0716265812516212
Full,3407,308,0.0719543024897575
Full,3407,309,0.066145695745945
Full,3407,310,0.0714251324534416
Full,3407,311,0.0703522264957428
Full,3407,312,0.0732870176434517
Full,3407,313,0.0668395087122917
Full,3407,314,0.0717334449291229
Full,3407,315,0.0689830332994461
Full,3407,316,0.0718118250370026
Full,3407,317,0.0707036405801773
Full,3407,318,0.0680492371320724
Full,3407,319,0.0649138689041138
Full,3407,320,0.0708012208342552
Full,3407,321,0.0659242272377014
Full,3407,322,0.0652692392468452
Full,3407,323,0.065513975918293
Full,3407,324,0.0722867175936699
Full,3407,325,0.0727415829896927
Full,3407,326,0.0714684203267097
Full,3407,327,0.0717132613062859
Full,3407,328,0.066071443259716
Full,3407,329,0.0708489716053009
Full,3407,330,0.0664447471499443
Full,3407,331,0.0703701451420784
Full,3407,332,0.0708674788475037
Full,3407,333,0.0682392716407776
Full,3407,334,0.0638723820447922
Full,3407,335,0.0645884871482849
Full,3407,336,0.0691891685128212
Full,3407,337,0.0716263875365257
Full,3407,338,0.0681591629981995
Full,3407,339,0.0666429996490479
Full,3407,340,0.0724336355924606
Full,3407,341,0.0697731524705887
Full,3407,342,0.0699286088347435
Full,3407,343,0.0687828063964844
Full,3407,344,0.0694971680641174
Full,3407,345,0.0720473527908325
Full,3407,346,0.0691988542675972
Full,3407,347,0.0704163685441017
Full,3407,348,0.062964640557766
Full,3407,349,0.0648580342531204
Full,3407,350,0.0694087371230125
Full,3407,351,0.0648308396339417
Full,3407,352,0.0663416981697083
Full,3407,353,0.0710803344845772
Full,3407,354,0.0651852637529373
Full,3407,355,0.0736242458224297
Full,3407,356,0.0662169232964516
Full,3407,357,0.0658148229122162
Full,3407,358,0.0662160590291023
Full,3407,359,0.0644893646240234
Full,3407,360,0.0709616243839264
Full,3407,361,0.0709448233246803
Full,3407,362,0.0629788711667061
Full,3407,363,0.0631580278277397
Full,3407,364,0.063437819480896
Full,3407,365,0.0702091380953789
Full,3407,366,0.0728310570120811
Full,3407,367,0.0742781013250351
Full,3407,368,0.0667124167084694
Full,3407,369,0.0598808601498604
Full,3407,370,0.0705769956111908
Full,3407,371,0.0642141029238701
Full,3407,372,0.0655840113759041
Full,3407,373,0.0636579021811485
Full,3407,374,0.062802866101265
Full,3407,375,0.0680038407444954
Full,3407,376,0.065117672085762
Full,3407,377,0.0636734515428543
Full,3407,378,0.066980667412281
Full,3407,379,0.0650426968932152
Full,3407,380,0.0675077736377716
Full,3407,381,0.0654961615800858
Full,3407,382,0.0673665180802345
Full,3407,383,0.0624505914747715
Full,3407,384,0.0661927163600922
Full,3407,385,0.0662311092019081
Full,3407,386,0.0633375197649002
Full,3407,387,0.0603751875460148
Full,3407,388,0.0660395696759224
Full,3407,389,0.0636602118611336
Full,3407,390,0.0687120482325554
Full,3407,391,0.0639838725328445
Full,3407,392,0.0708204284310341
Full,3407,393,0.0575794652104378
Full,3407,394,0.0654399022459984
Full,3407,395,0.063883364200592
Full,3407,396,0.0655204728245735
Full,3407,397,0.0631189942359924
Full,3407,398,0.0689688548445702
Full,3407,399,0.0594391562044621
Full,3407,400,0.0680954307317734
Full,4518,1,0.076851487159729
Full,4518,2,0.0789053440093994
Full,4518,3,0.0819768533110619
Full,4518,4,0.0768712237477303
Full,4518,5,0.0757553353905678
Full,4518,6,0.0815890654921532
Full,4518,7,0.0749820843338966
Full,4518,8,0.0786239951848984
Full,4518,9,0.0765602365136147
Full,4518,10,0.0768346711993217
Full,4518,11,0.0772306844592094
Full,4518,12,0.0787252932786942
Full,4518,13,0.0806488767266273
Full,4518,14,0.0797063261270523
Full,4518,15,0.0776810497045517
Full,4518,16,0.0793501511216164
Full,4518,17,0.0759796723723412
Full,4518,18,0.0727497711777687
Full,4518,19,0.0777730122208595
Full,4518,20,0.0711430832743645
Full,4518,21,0.077412873506546
Full,4518,22,0.0750179067254066
Full,4518,23,0.0773837119340897
Full,4518,24,0.0769114121794701
Full,4518,25,0.0752730965614319
Full,4518,26,0.0736864134669304
Full,4518,27,0.0723403170704842
Full,4518,28,0.0822434574365616
Full,4518,29,0.0721117705106735
Full,4518,30,0.0764613077044487
Full,4518,31,0.0773550048470497
Full,4518,32,0.0743267834186554
Full,4518,33,0.0800780355930328
Full,4518,34,0.0747511312365532
Full,4518,35,0.0782293081283569
Full,4518,36,0.073384515941143
Full,4518,37,0.0680866912007332
Full,4518,38,0.077043429017067
Full,4518,39,0.0740938931703568
Full,4518,40,0.0697978511452675
Full,4518,41,0.0790924355387688
Full,4518,42,0.0764524266123772
Full,4518,43,0.0749956369400024
Full,4518,44,0.0763799175620079
Full,4518,45,0.0807149484753609
Full,4518,46,0.0746131017804146
Full,4518,47,0.0755534544587135
Full,4518,48,0.0773505568504333
Full,4518,49,0.0730684027075768
Full,4518,50,0.0720983296632767
Full,4518,51,0.0773641020059586
Full,4518,52,0.0786649063229561
Full,4518,53,0.0722761601209641
Full,4518,54,0.075957365334034
Full,4518,55,0.0751136839389801
Full,4518,56,0.0770791172981262
Full,4518,57,0.0769792050123215
Full,4518,58,0.0762258619070053
Full,4518,59,0.080136314034462
Full,4518,60,0.0798715129494667
Full,4518,61,0.0803013071417809
Full,4518,62,0.077882707118988
Full,4518,63,0.0765037387609482
Full,4518,64,0.0749839469790459
Full,4518,65,0.0778207704424858
Full,4518,66,0.0755561590194702
Full,4518,67,0.0801872611045837
Full,4518,68,0.0793184787034988
Full,4518,69,0.0820357799530029
Full,4518,70,0.0762207061052322
Full,4518,71,0.0761591643095016
Full,4518,72,0.0776996240019798
Full,4518,73,0.0773080512881279
Full,4518,74,0.0749395191669464
Full,4518,75,0.0752366855740547
Full,4518,76,0.0759046375751495
Full,4518,77,0.0749713703989983
Full,4518,78,0.077751487493515
Full,4518,79,0.0760590210556984
Full,4518,80,0.0771763622760773
Full,4518,81,0.0802921131253242
Full,4518,82,0.0732842087745667
Full,4518,83,0.0755871534347534
Full,4518,84,0.0731287524104118
Full,4518,85,0.0747913345694542
Full,4518,86,0.080183744430542
Full,4518,87,0.0757503658533096
Full,4518,88,0.0721137225627899
Full,4518,89,0.0710614249110222
Full,4518,90,0.0739221498370171
Full,4518,91,0.0735715925693512
Full,4518,92,0.0753341987729073
Full,4518,93,0.0798711329698563
Full,4518,94,0.0755188018083572
Full,4518,95,0.076819971203804
Full,4518,96,0.0747427046298981
Full,4518,97,0.0757249593734741
Full,4518,98,0.0727338865399361
Full,4518,99,0.0751983895897865
Full,4518,100,0.0737207233905792
Full,4518,101,0.0794917270541191
Full,4518,102,0.0740541368722916
Full,4518,103,0.0772298350930214
Full,4518,104,0.0730062872171402
Full,4518,105,0.0723005011677742
Full,4518,106,0.0758993625640869
Full,4518,107,0.0817180871963501
Full,4518,108,0.0671057105064392
Full,4518,109,0.0755678713321686
Full,4518,110,0.0775235146284103
Full,4518,111,0.0779489204287529
Full,4518,112,0.0734468623995781
Full,4518,113,0.0769473016262054
Full,4518,114,0.0781264156103134
Full,4518,115,0.0784182921051979
Full,4518,116,0.0689656063914299
Full,4518,117,0.0737661272287369
Full,4518,118,0.0783668383955956
Full,4518,119,0.0736706107854843
Full,4518,120,0.0753195285797119
Full,4518,121,0.0684790462255478
Full,4518,122,0.0748182386159897
Full,4518,123,0.0724219381809235
Full,4518,124,0.0728112459182739
Full,4518,125,0.0769240856170654
Full,4518,126,0.07694111764431
Full,4518,127,0.0741161331534386
Full,4518,128,0.0749005600810051
Full,4518,129,0.0721346437931061
Full,4518,130,0.0753152668476105
Full,4518,131,0.0726543068885803
Full,4518,132,0.0716822668910027
Full,4518,133,0.0802416875958443
Full,4518,134,0.0764448568224907
Full,4518,135,0.0785590633749962
Full,4518,136,0.0701719596982002
Full,4518,137,0.0759248286485672
Full,4518,138,0.080249972641468
Full,4518,139,0.0759379118680954
Full,4518,140,0.0797212496399879
Full,4518,141,0.0743124708533287
Full,4518,142,0.0712760910391808
Full,4518,143,0.0850216820836067
Full,4518,144,0.0745975822210312
Full,4518,145,0.0806679055094719
Full,4518,146,0.071173258125782
Full,4518,147,0.0733064413070679
Full,4518,148,0.0738389119505882
Full,4518,149,0.0812129229307175
Full,4518,150,0.0781325548887253
Full,4518,151,0.0773552656173706
Full,4518,152,0.0709493681788445
Full,4518,153,0.0782151818275452
Full,4518,154,0.0729292631149292
Full,4518,155,0.0686100050806999
Full,4518,156,0.073602631688118
Full,4518,157,0.0737733691930771
Full,4518,158,0.0742271617054939
Full,4518,159,0.0707738921046257
Full,4518,160,0.078466035425663
Full,4518,161,0.0739936158061028
Full,4518,162,0.0795637220144272
Full,4518,163,0.0761757045984268
Full,4518,164,0.0737562626600266
Full,4518,165,0.0727173462510109
Full,4518,166,0.0783469080924988
Full,4518,167,0.0744407549500465
Full,4518,168,0.076863169670105
Full,4518,169,0.0717584639787674
Full,4518,170,0.072808139026165
Full,4518,171,0.0799420475959778
Full,4518,172,0.0710094198584557
Full,4518,173,0.0672655180096626
Full,4518,174,0.0746274292469025
Full,4518,175,0.0699489414691925
Full,4518,176,0.0735190957784653
Full,4518,177,0.0751019418239594
Full,4518,178,0.0772924795746803
Full,4518,179,0.0822508558630943
Full,4518,180,0.0726114213466644
Full,4518,181,0.0747551396489143
Full,4518,182,0.0755512043833733
Full,4518,183,0.0685702338814735
Full,4518,184,0.0784441828727722
Full,4518,185,0.073567196726799
Full,4518,186,0.0785967633128166
Full,4518,187,0.0661982595920563
Full,4518,188,0.0718590915203094
Full,4518,189,0.075501449406147
Full,4518,190,0.0714629366993904
Full,4518,191,0.0765504837036133
Full,4518,192,0.0711514055728912
Full,4518,193,0.0735525339841843
Full,4518,194,0.0744032561779022
Full,4518,195,0.0716464519500732
Full,4518,196,0.0749413892626762
Full,4518,197,0.0785907134413719
Full,4518,198,0.0717437788844109
Full,4518,199,0.0774682089686394
Full,4518,200,0.0754769518971443
Full,4518,201,0.0763414353132248
Full,4518,202,0.0706755071878433
Full,4518,203,0.0733024924993515
Full,4518,204,0.0752987340092659
Full,4518,205,0.0700917840003967
Full,4518,206,0.0763734132051468
Full,4518,207,0.0739702805876732
Full,4518,208,0.0736661478877068
Full,4518,209,0.0746653750538826
Full,4518,210,0.068976990878582
Full,4518,211,0.0728218704462051
Full,4518,212,0.0754980742931366
Full,4518,213,0.0725051313638687
Full,4518,214,0.0808644890785217
Full,4518,215,0.0746983140707016
Full,4518,216,0.0681551024317741
Full,4518,217,0.0752304494380951
Full,4518,218,0.0707049891352654
Full,4518,219,0.0750006660819054
Full,4518,220,0.0758281201124191
Full,4518,221,0.0743061229586601
Full,4518,222,0.0712493062019348
Full,4518,223,0.0686595141887665
Full,4518,224,0.0731034725904465
Full,4518,225,0.0709338560700417
Full,4518,226,0.0705135613679886
Full,4518,227,0.0730437412858009
Full,4518,228,0.075609527528286
Full,4518,229,0.0786722674965858
Full,4518,230,0.0721185430884361
Full,4518,231,0.0756331831216812
Full,4518,232,0.0761309042572975
Full,4518,233,0.0740639790892601
Full,4518,234,0.073233462870121
Full,4518,235,0.0715823918581009
Full,4518,236,0.0689262002706528
Full,4518,237,0.0720087066292763
Full,4518,238,0.0746290609240532
Full,4518,239,0.072032243013382
Full,4518,240,0.0784879103302956
Full,4518,241,0.0724566429853439
Full,4518,242,0.0737991034984589
Full,4518,243,0.0692651942372322
Full,4518,244,0.0684300512075424
Full,4518,245,0.0702166110277176
Full,4518,246,0.0747825726866722
Full,4518,247,0.0716903731226921
Full,4518,248,0.0759337693452835
Full,4518,249,0.0686416029930115
Full,4518,250,0.0724375620484352
Full,4518,251,0.0731054618954659
Full,4518,252,0.0769999101758003
Full,4518,253,0.071510948240757
Full,4518,254,0.0700687170028687
Full,4518,255,0.0729869976639748
Full,4518,256,0.0679894089698792
Full,4518,257,0.0760890245437622
Full,4518,258,0.0709178671240807
Full,4518,259,0.074324794113636
Full,4518,260,0.0701822265982628
Full,4518,261,0.0730854049324989
Full,4518,262,0.071611188352108
Full,4518,263,0.0747451037168503
Full,4518,264,0.0706896856427193
Full,4518,265,0.0787930265069008
Full,4518,266,0.0715415552258492
Full,4518,267,0.0717865228652954
Full,4518,268,0.0750479400157928
Full,4518,269,0.0744805783033371
Full,4518,270,0.0681818649172783
Full,4518,271,0.073162280023098
Full,4518,272,0.0696999877691269
Full,4518,273,0.0727838575839996
Full,4518,274,0.0684545114636421
Full,4518,275,0.0696116760373116
Full,4518,276,0.0683693513274193
Full,4518,277,0.0714846402406693
Full,4518,278,0.0720682367682457
Full,4518,279,0.0670380368828773
Full,4518,280,0.0660324394702911
Full,4518,281,0.0724028497934341
Full,4518,282,0.0675184577703476
Full,4518,283,0.0732430443167686
Full,4518,284,0.0680838450789452
Full,4518,285,0.0709070414304733
Full,4518,286,0.0701625347137451
Full,4518,287,0.0732160657644272
Full,4518,288,0.0696285739541054
Full,4518,289,0.0746100023388863
Full,4518,290,0.0732297375798225
Full,4518,291,0.0665605440735817
Full,4518,292,0.0711141526699066
Full,4518,293,0.0713643878698349
Full,4518,294,0.0715613290667534
Full,4518,295,0.0648918673396111
Full,4518,296,0.0680589005351067
Full,4518,297,0.0687796771526337
Full,4518,298,0.0704421997070312
Full,4518,299,0.0732834041118622
Full,4518,300,0.0741368383169174
Full,4518,301,0.0742128491401672
Full,4518,302,0.073117658495903
Full,4518,303,0.0709827244281769
Full,4518,304,0.0720595344901085
Full,4518,305,0.0692336782813072
Full,4518,306,0.0691699087619781
Full,4518,307,0.0735876634716988
Full,4518,308,0.0687354579567909
Full,4518,309,0.0719460025429726
Full,4518,310,0.0646517723798752
Full,4518,311,0.070909358561039
Full,4518,312,0.0704421624541283
Full,4518,313,0.0677886679768562
Full,4518,314,0.065871961414814
Full,4518,315,0.0697518885135651
Full,4518,316,0.0740718990564346
Full,4518,317,0.0680171698331833
Full,4518,318,0.0709806010127068
Full,4518,319,0.0691815763711929
Full,4518,320,0.0634843185544014
Full,4518,321,0.0693032667040825
Full,4518,322,0.0739732161164284
Full,4518,323,0.0714553818106651
Full,4518,324,0.0645193159580231
Full,4518,325,0.069918692111969
Full,4518,326,0.0615257658064365
Full,4518,327,0.0675175189971924
Full,4518,328,0.0672483742237091
Full,4518,329,0.066279910504818
Full,4518,330,0.0664570480585098
Full,4518,331,0.0669524967670441
Full,4518,332,0.0724111199378967
Full,4518,333,0.075837567448616
Full,4518,334,0.0702526569366455
Full,4518,335,0.0678380280733109
Full,4518,336,0.070586122572422
Full,4518,337,0.0711173042654991
Full,4518,338,0.0691997557878494
Full,4518,339,0.0678627714514732
Full,4518,340,0.0692771151661873
Full,4518,341,0.064255602657795
Full,4518,342,0.0688187330961227
Full,4518,343,0.0675899609923363
Full,4518,344,0.06831905990839
Full,4518,345,0.0656059831380844
Full,4518,346,0.0690784975886345
Full,4518,347,0.0711812674999237
Full,4518,348,0.0713838487863541
Full,4518,349,0.0685390010476112
Full,4518,350,0.0591233782470226
Full,4518,351,0.0736448690295219
Full,4518,352,0.0689656287431717
Full,4518,353,0.0667898952960968
Full,4518,354,0.0639518946409225
Full,4518,355,0.0653799027204514
Full,4518,356,0.0697444379329681
Full,4518,357,0.0689700096845627
Full,4518,358,0.0678910613059998
Full,4518,359,0.0677466988563538
Full,4518,360,0.0678728967905045
Full,4518,361,0.0697995349764824
Full,4518,362,0.0682968869805336
Full,4518,363,0.0666539594531059
Full,4518,364,0.0722086578607559
Full,4518,365,0.0711354985833168
Full,4518,366,0.0661866143345833
Full,4518,367,0.0660437941551208
Full,4518,368,0.0704634413123131
Full,4518,369,0.0690566152334213
Full,4518,370,0.0719433128833771
Full,4518,371,0.0685625597834587
Full,4518,372,0.0732189789414406
Full,4518,373,0.0677545070648193
Full,4518,374,0.0704833492636681
Full,4518,375,0.0671820864081383
Full,4518,376,0.0656528696417809
Full,4518,377,0.0662495046854019
Full,4518,378,0.0672050639986992
Full,4518,379,0.0675697475671768
Full,4518,380,0.0673345327377319
Full,4518,381,0.0667431876063347
Full,4518,382,0.065977431833744
Full,4518,383,0.0642398521304131
Full,4518,384,0.0670148581266403
Full,4518,385,0.065291166305542
Full,4518,386,0.063742496073246
Full,4518,387,0.0693225115537643
Full,4518,388,0.0686401352286339
Full,4518,389,0.0689953416585922
Full,4518,390,0.0629301965236664
Full,4518,391,0.0740520358085632
Full,4518,392,0.0648804977536201
Full,4518,393,0.067754752933979
Full,4518,394,0.0685109198093414
Full,4518,395,0.0655008256435394
Full,4518,396,0.0669489875435829
Full,4518,397,0.066231943666935
Full,4518,398,0.068264402449131
Full,4518,399,0.0639810115098953
Full,4518,400,0.0657085254788399
Full,5629,1,0.0771420523524284
Full,5629,2,0.0773297250270844
Full,5629,3,0.072976179420948
Full,5629,4,0.0844225361943245
Full,5629,5,0.0746535956859589
Full,5629,6,0.0748351737856865
Full,5629,7,0.0812612622976303
Full,5629,8,0.0782696828246117
Full,5629,9,0.0768958777189255
Full,5629,10,0.0829303115606308
Full,5629,11,0.0775024369359016
Full,5629,12,0.0790426358580589
Full,5629,13,0.0722337961196899
Full,5629,14,0.0800411850214005
Full,5629,15,0.0768791437149048
Full,5629,16,0.0750219747424126
Full,5629,17,0.0797509625554085
Full,5629,18,0.0718621984124184
Full,5629,19,0.0747800394892693
Full,5629,20,0.0764454528689384
Full,5629,21,0.0775704234838486
Full,5629,22,0.0788302719593048
Full,5629,23,0.0774528756737709
Full,5629,24,0.078863263130188
Full,5629,25,0.0775219574570656
Full,5629,26,0.0777674913406372
Full,5629,27,0.0763464719057083
Full,5629,28,0.0760718211531639
Full,5629,29,0.080380953848362
Full,5629,30,0.0769784152507782
Full,5629,31,0.0723407492041588
Full,5629,32,0.0761988237500191
Full,5629,33,0.0725618302822113
Full,5629,34,0.0781604498624802
Full,5629,35,0.0815430283546448
Full,5629,36,0.0792997777462006
Full,5629,37,0.0774205476045609
Full,5629,38,0.0740253478288651
Full,5629,39,0.0806699246168137
Full,5629,40,0.0824825763702393
Full,5629,41,0.0771426036953926
Full,5629,42,0.0751881748437881
Full,5629,43,0.0752656981348991
Full,5629,44,0.0798568725585938
Full,5629,45,0.0751381516456604
Full,5629,46,0.0720693171024323
Full,5629,47,0.0773149579763412
Full,5629,48,0.0792615339159966
Full,5629,49,0.0696226954460144
Full,5629,50,0.0781960636377335
Full,5629,51,0.0737879201769829
Full,5629,52,0.0740554481744766
Full,5629,53,0.0708822682499886
Full,5629,54,0.0760817900300026
Full,5629,55,0.0752236917614937
Full,5629,56,0.0725822746753693
Full,5629,57,0.0754948705434799
Full,5629,58,0.0786464735865593
Full,5629,59,0.0753700584173203
Full,5629,60,0.0798141732811928
Full,5629,61,0.0776814222335815
Full,5629,62,0.0690970718860626
Full,5629,63,0.0759597271680832
Full,5629,64,0.0768468528985977
Full,5629,65,0.0791331306099892
Full,5629,66,0.0761718973517418
Full,5629,67,0.0761848613619804
Full,5629,68,0.0725632831454277
Full,5629,69,0.0754217505455017
Full,5629,70,0.0798682123422623
Full,5629,71,0.0833231136202812
Full,5629,72,0.0785418003797531
Full,5629,73,0.0766118764877319
Full,5629,74,0.075392559170723
Full,5629,75,0.077206201851368
Full,5629,76,0.0819433927536011
Full,5629,77,0.0754451900720596
Full,5629,78,0.0772161409258842
Full,5629,79,0.0734500586986542
Full,5629,80,0.0783458724617958
Full,5629,81,0.0768190771341324
Full,5629,82,0.0761795341968536
Full,5629,83,0.074460968375206
Full,5629,84,0.0784810930490494
Full,5629,85,0.0789757594466209
Full,5629,86,0.0800103321671486
Full,5629,87,0.0833479091525078
Full,5629,88,0.0722362697124481
Full,5629,89,0.0755987390875816
Full,5629,90,0.0765906721353531
Full,5629,91,0.0766698643565178
Full,5629,92,0.0744180455803871
Full,5629,93,0.0734513327479362
Full,5629,94,0.0764351785182953
Full,5629,95,0.0743893831968307
Full,5629,96,0.0740232691168785
Full,5629,97,0.0727565735578537
Full,5629,98,0.0770405977964401
Full,5629,99,0.0780861526727676
Full,5629,100,0.080282062292099
Full,5629,101,0.0763873010873795
Full,5629,102,0.0762648805975914
Full,5629,103,0.0802195221185684
Full,5629,104,0.0702398344874382
Full,5629,105,0.0766097828745842
Full,5629,106,0.0747162476181984
Full,5629,107,0.0680228918790817
Full,5629,108,0.0762990862131119
Full,5629,109,0.076848067343235
Full,5629,110,0.0735865011811256
Full,5629,111,0.075914278626442
Full,5629,112,0.0709200799465179
Full,5629,113,0.0740812495350838
Full,5629,114,0.0729791820049286
Full,5629,115,0.0717111825942993
Full,5629,116,0.0735325887799263
Full,5629,117,0.0757090747356415
Full,5629,118,0.0725704282522202
Full,5629,119,0.0802937150001526
Full,5629,120,0.077066957950592
Full,5629,121,0.0744967013597488
Full,5629,122,0.0750192627310753
Full,5629,123,0.0735937207937241
Full,5629,124,0.073711596429348
Full,5629,125,0.0810918286442757
Full,5629,126,0.0724813789129257
Full,5629,127,0.074883297085762
Full,5629,128,0.0761220827698708
Full,5629,129,0.0715502500534058
Full,5629,130,0.0741717368364334
Full,5629,131,0.0831954777240753
Full,5629,132,0.0807928740978241
Full,5629,133,0.0727118104696274
Full,5629,134,0.0721307173371315
Full,5629,135,0.0709580779075623
Full,5629,136,0.0715390294790268
Full,5629,137,0.0828111097216606
Full,5629,138,0.0733115077018738
Full,5629,139,0.0748768299818039
Full,5629,140,0.076615534722805
Full,5629,141,0.0784203037619591
Full,5629,142,0.075869232416153
Full,5629,143,0.0764060467481613
Full,5629,144,0.0783459767699242
Full,5629,145,0.07408057898283
Full,5629,146,0.0747737810015678
Full,5629,147,0.0751042515039444
Full,5629,148,0.0759386941790581
Full,5629,149,0.0703003108501434
Full,5629,150,0.073213517665863
Full,5629,151,0.0767840892076492
Full,5629,152,0.0755512863397598
Full,5629,153,0.0754094496369362
Full,5629,154,0.073448084294796
Full,5629,155,0.0737169310450554
Full,5629,156,0.0708647146821022
Full,5629,157,0.0722161382436752
Full,5629,158,0.0745455175638199
Full,5629,159,0.073668047785759
Full,5629,160,0.0733170807361603
Full,5629,161,0.074128732085228
Full,5629,162,0.0693257004022598
Full,5629,163,0.0740789324045181
Full,5629,164,0.0755712315440178
Full,5629,165,0.0707395747303963
Full,5629,166,0.0720576047897339
Full,5629,167,0.0751179903745651
Full,5629,168,0.0799449756741524
Full,5629,169,0.0717626214027405
Full,5629,170,0.0712428465485573
Full,5629,171,0.0735649019479752
Full,5629,172,0.0712395459413528
Full,5629,173,0.079730324447155
Full,5629,174,0.0751915723085403
Full,5629,175,0.0727892071008682
Full,5629,176,0.0761434361338615
Full,5629,177,0.0720381513237953
Full,5629,178,0.0725873410701752
Full,5629,179,0.07408307492733
Full,5629,180,0.0717962756752968
Full,5629,181,0.076867938041687
Full,5629,182,0.0709392502903938
Full,5629,183,0.0772320479154587
Full,5629,184,0.0751773864030838
Full,5629,185,0.0666535273194313
Full,5629,186,0.0738968402147293
Full,5629,187,0.0749257579445839
Full,5629,188,0.078324556350708
Full,5629,189,0.0739720836281776
Full,5629,190,0.0725967735052109
Full,5629,191,0.0682790577411652
Full,5629,192,0.0775735452771187
Full,5629,193,0.0748323649168015
Full,5629,194,0.0697075724601746
Full,5629,195,0.0690766125917435
Full,5629,196,0.0694587156176567
Full,5629,197,0.0694332122802734
Full,5629,198,0.0728969871997833
Full,5629,199,0.0691827312111855
Full,5629,200,0.0733887404203415
Full,5629,201,0.0711417645215988
Full,5629,202,0.0711510106921196
Full,5629,203,0.0778286978602409
Full,5629,204,0.0726787522435188
Full,5629,205,0.0771061554551125
Full,5629,206,0.0751782059669495
Full,5629,207,0.0705103948712349
Full,5629,208,0.0773178040981293
Full,5629,209,0.072911761701107
Full,5629,210,0.0722958743572235
Full,5629,211,0.0789500400424004
Full,5629,212,0.0726571828126907
Full,5629,213,0.067424975335598
Full,5629,214,0.0760275423526764
Full,5629,215,0.0703412070870399
Full,5629,216,0.0740666165947914
Full,5629,217,0.0784256681799889
Full,5629,218,0.082102544605732
Full,5629,219,0.0724748522043228
Full,5629,220,0.0750585198402405
Full,5629,221,0.0804406553506851
Full,5629,222,0.0752737000584602
Full,5629,223,0.071891225874424
Full,5629,224,0.0729647502303123
Full,5629,225,0.0749373212456703
Full,5629,226,0.0766678228974342
Full,5629,227,0.0710408166050911
Full,5629,228,0.0735996142029762
Full,5629,229,0.0773449689149857
Full,5629,230,0.0735633671283722
Full,5629,231,0.0703038051724434
Full,5629,232,0.0729512274265289
Full,5629,233,0.0718961209058762
Full,5629,234,0.0698159486055374
Full,5629,235,0.0698726773262024
Full,5629,236,0.0722554177045822
Full,5629,237,0.0737933218479156
Full,5629,238,0.072089284658432
Full,5629,239,0.0701693594455719
Full,5629,240,0.0711031183600426
Full,5629,241,0.0706961080431938
Full,5629,242,0.0725362971425056
Full,5629,243,0.0734551250934601
Full,5629,244,0.072484940290451
Full,5629,245,0.0723132565617561
Full,5629,246,0.0737954899668694
Full,5629,247,0.0783576443791389
Full,5629,248,0.0724504366517067
Full,5629,249,0.0745905339717865
Full,5629,250,0.0730973780155182
Full,5629,251,0.0724383145570755
Full,5629,252,0.0719462409615517
Full,5629,253,0.0697549283504486
Full,5629,254,0.0718205571174622
Full,5629,255,0.0688604786992073
Full,5629,256,0.0747809931635857
Full,5629,257,0.0630053579807281
Full,5629,258,0.0664162710309029
Full,5629,259,0.0694674998521805
Full,5629,260,0.0731553584337234
Full,5629,261,0.0689714848995209
Full,5629,262,0.0701694339513779
Full,5629,263,0.072648823261261
Full,5629,264,0.0748070403933525
Full,5629,265,0.0722794607281685
Full,5629,266,0.0742550268769264
Full,5629,267,0.069951243698597
Full,5629,268,0.0690807551145554
Full,5629,269,0.0760160386562347
Full,5629,270,0.0672463998198509
Full,5629,271,0.0698549896478653
Full,5629,272,0.0721650421619415
Full,5629,273,0.0702249109745026
Full,5629,274,0.0759158581495285
Full,5629,275,0.0696208849549294
Full,5629,276,0.0703063532710075
Full,5629,277,0.0722524225711823
Full,5629,278,0.0667784139513969
Full,5629,279,0.0716017782688141
Full,5629,280,0.0725081190466881
Full,5629,281,0.0763266012072563
Full,5629,282,0.0702995359897614
Full,5629,283,0.0743111744523048
Full,5629,284,0.0690240114927292
Full,5629,285,0.0720756500959396
Full,5629,286,0.0706145837903023
Full,5629,287,0.0729248374700546
Full,5629,288,0.0713861212134361
Full,5629,289,0.0701291710138321
Full,5629,290,0.073442779481411
Full,5629,291,0.071331724524498
Full,5629,292,0.0657829716801643
Full,5629,293,0.0716603249311447
Full,5629,294,0.0707422494888306
Full,5629,295,0.0663072764873505
Full,5629,296,0.0661512166261673
Full,5629,297,0.0706587508320808
Full,5629,298,0.0694927722215652
Full,5629,299,0.0719421207904816
Full,5629,300,0.0715633407235146
Full,5629,301,0.0748591795563698
Full,5629,302,0.0722688362002373
Full,5629,303,0.0711607336997986
Full,5629,304,0.0658620670437813
Full,5629,305,0.0714491456747055
Full,5629,306,0.0705328732728958
Full,5629,307,0.0711478292942047
Full,5629,308,0.0638560578227043
Full,5629,309,0.0690053254365921
Full,5629,310,0.0667288452386856
Full,5629,311,0.0687055364251137
Full,5629,312,0.0725362971425056
Full,5629,313,0.0694686472415924
Full,5629,314,0.069471187889576
Full,5629,315,0.0740271583199501
Full,5629,316,0.0651443973183632
Full,5629,317,0.0670157670974731
Full,5629,318,0.0729077160358429
Full,5629,319,0.0685607641935349
Full,5629,320,0.0673049986362457
Full,5629,321,0.0652501508593559
Full,5629,322,0.0722378566861153
Full,5629,323,0.0739431455731392
Full,5629,324,0.0733459293842316
Full,5629,325,0.0680324584245682
Full,5629,326,0.0664160624146461
Full,5629,327,0.0622651055455208
Full,5629,328,0.0712357610464096
Full,5629,329,0.0626276880502701
Full,5629,330,0.0707554444670677
Full,5629,331,0.069218710064888
Full,5629,332,0.06914072483778
Full,5629,333,0.0681783705949783
Full,5629,334,0.0690063983201981
Full,5629,335,0.0671421810984612
Full,5629,336,0.0683913305401802
Full,5629,337,0.0734062939882278
Full,5629,338,0.0669816061854362
Full,5629,339,0.0694382041692734
Full,5629,340,0.0682872757315636
Full,5629,341,0.0662325918674469
Full,5629,342,0.0673038437962532
Full,5629,343,0.0658127591013908
Full,5629,344,0.0643009096384048
Full,5629,345,0.0678223893046379
Full,5629,346,0.0655819252133369
Full,5629,347,0.0681715980172157
Full,5629,348,0.0671749636530876
Full,5629,349,0.0675825476646423
Full,5629,350,0.0714981257915497
Full,5629,351,0.0720055773854256
Full,5629,352,0.0617543645203114
Full,5629,353,0.0704257637262344
Full,5629,354,0.066499300301075
Full,5629,355,0.0686883553862572
Full,5629,356,0.0677410364151001
Full,5629,357,0.0683751031756401
Full,5629,358,0.0626771450042725
Full,5629,359,0.0631273910403252
Full,5629,360,0.0675439015030861
Full,5629,361,0.0684974268078804
Full,5629,362,0.0703962072730064
Full,5629,363,0.0679536983370781
Full,5629,364,0.0710217505693436
Full,5629,365,0.0692321807146072
Full,5629,366,0.0717284977436066
Full,5629,367,0.0715223327279091
Full,5629,368,0.0697567015886307
Full,5629,369,0.0686061084270477
Full,5629,370,0.0681227296590805
Full,5629,371,0.0648309960961342
Full,5629,372,0.0689112693071365
Full,5629,373,0.0685142278671265
Full,5629,374,0.0661908388137817
Full,5629,375,0.0672384202480316
Full,5629,376,0.066216766834259
Full,5629,377,0.0704039186239243
Full,5629,378,0.0672066658735275
Full,5629,379,0.0679761841893196
Full,5629,380,0.0717580914497375
Full,5629,381,0.0645004138350487
Full,5629,382,0.0703365206718445
Full,5629,383,0.0649172216653824
Full,5629,384,0.0633208677172661
Full,5629,385,0.0658381059765816
Full,5629,386,0.0706646218895912
Full,5629,387,0.0657107159495354
Full,5629,388,0.0634585246443748
Full,5629,389,0.0664546638727188
Full,5629,390,0.0657044500112534
Full,5629,391,0.0673588737845421
Full,5629,392,0.0666386559605598
Full,5629,393,0.0706201940774918
Full,5629,394,0.0676418542861938
Full,5629,395,0.0609678514301777
Full,5629,396,0.0719930604100227
Full,5629,397,0.065747357904911
Full,5629,398,0.0676478892564774
Full,5629,399,0.0675471946597099
Full,5629,400,0.0670414119958878
no-MAD-pure,3407,1,0.617842972278595
no-MAD-pure,3407,2,0.617191731929779
no-MAD-pure,3407,3,0.616815030574799
no-MAD-pure,3407,4,0.61784029006958
no-MAD-pure,3407,5,0.616251349449158
no-MAD-pure,3407,6,0.617011368274689
no-MAD-pure,3407,7,0.617330074310303
no-MAD-pure,3407,8,0.614516794681549
no-MAD-pure,3407,9,0.616142749786377
no-MAD-pure,3407,10,0.613348782062531
no-MAD-pure,3407,11,0.610585987567902
no-MAD-pure,3407,12,0.614422142505646
no-MAD-pure,3407,13,0.613276660442352
no-MAD-pure,3407,14,0.611093044281006
no-MAD-pure,3407,15,0.608528792858124
no-MAD-pure,3407,16,0.608554244041443
no-MAD-pure,3407,17,0.609502673149109
no-MAD-pure,3407,18,0.606521427631378
no-MAD-pure,3407,19,0.604129314422607
no-MAD-pure,3407,20,0.601575791835785
no-MAD-pure,3407,21,0.599546074867249
no-MAD-pure,3407,22,0.596895217895508
no-MAD-pure,3407,23,0.597911357879639
no-MAD-pure,3407,24,0.597518682479858
no-MAD-pure,3407,25,0.599881589412689
no-MAD-pure,3407,26,0.590879499912262
no-MAD-pure,3407,27,0.594299554824829
no-MAD-pure,3407,28,0.589020133018494
no-MAD-pure,3407,29,0.58901435136795
no-MAD-pure,3407,30,0.586971342563629
no-MAD-pure,3407,31,0.583010852336884
no-MAD-pure,3407,32,0.582321763038635
no-MAD-pure,3407,33,0.577790081501007
no-MAD-pure,3407,34,0.572821855545044
no-MAD-pure,3407,35,0.574414193630219
no-MAD-pure,3407,36,0.568862915039062
no-MAD-pure,3407,37,0.571723759174347
no-MAD-pure,3407,38,0.568195939064026
no-MAD-pure,3407,39,0.562894761562347
no-MAD-pure,3407,40,0.560703992843628
no-MAD-pure,3407,41,0.557568967342377
no-MAD-pure,3407,42,0.56185382604599
no-MAD-pure,3407,43,0.554865479469299
no-MAD-pure,3407,44,0.55055820941925
no-MAD-pure,3407,45,0.550296425819397
no-MAD-pure,3407,46,0.545014262199402
no-MAD-pure,3407,47,0.5389524102211
no-MAD-pure,3407,48,0.538783848285675
no-MAD-pure,3407,49,0.545449435710907
no-MAD-pure,3407,50,0.535971283912659
no-MAD-pure,3407,51,0.534641563892365
no-MAD-pure,3407,52,0.530984580516815
no-MAD-pure,3407,53,0.530754268169403
no-MAD-pure,3407,54,0.526295185089111
no-MAD-pure,3407,55,0.524575710296631
no-MAD-pure,3407,56,0.520837426185608
no-MAD-pure,3407,57,0.517563879489899
no-MAD-pure,3407,58,0.514464199542999
no-MAD-pure,3407,59,0.508409798145294
no-MAD-pure,3407,60,0.502188146114349
no-MAD-pure,3407,61,0.503673195838928
no-MAD-pure,3407,62,0.505441606044769
no-MAD-pure,3407,63,0.496568411588669
no-MAD-pure,3407,64,0.499726444482803
no-MAD-pure,3407,65,0.492681920528412
no-MAD-pure,3407,66,0.493492484092712
no-MAD-pure,3407,67,0.490669101476669
no-MAD-pure,3407,68,0.485604017972946
no-MAD-pure,3407,69,0.479192823171616
no-MAD-pure,3407,70,0.480433762073517
no-MAD-pure,3407,71,0.480206102132797
no-MAD-pure,3407,72,0.473059296607971
no-MAD-pure,3407,73,0.466449171304703
no-MAD-pure,3407,74,0.468544811010361
no-MAD-pure,3407,75,0.472279578447342
no-MAD-pure,3407,76,0.458113640546799
no-MAD-pure,3407,77,0.459909051656723
no-MAD-pure,3407,78,0.459284633398056
no-MAD-pure,3407,79,0.456123024225235
no-MAD-pure,3407,80,0.46239161491394
no-MAD-pure,3407,81,0.450259953737259
no-MAD-pure,3407,82,0.445657461881638
no-MAD-pure,3407,83,0.451063275337219
no-MAD-pure,3407,84,0.439984023571014
no-MAD-pure,3407,85,0.441592782735825
no-MAD-pure,3407,86,0.435583859682083
no-MAD-pure,3407,87,0.436502933502197
no-MAD-pure,3407,88,0.436184197664261
no-MAD-pure,3407,89,0.428852558135986
no-MAD-pure,3407,90,0.428156197071075
no-MAD-pure,3407,91,0.424681007862091
no-MAD-pure,3407,92,0.422441631555557
no-MAD-pure,3407,93,0.431150197982788
no-MAD-pure,3407,94,0.418030023574829
no-MAD-pure,3407,95,0.412266552448273
no-MAD-pure,3407,96,0.413130670785904
no-MAD-pure,3407,97,0.413051754236221
no-MAD-pure,3407,98,0.412026166915894
no-MAD-pure,3407,99,0.406922519207001
no-MAD-pure,3407,100,0.408852130174637
no-MAD-pure,3407,101,0.404680997133255
no-MAD-pure,3407,102,0.401444137096405
no-MAD-pure,3407,103,0.401815176010132
no-MAD-pure,3407,104,0.399436503648758
no-MAD-pure,3407,105,0.392049491405487
no-MAD-pure,3407,106,0.389243870973587
no-MAD-pure,3407,107,0.392061620950699
no-MAD-pure,3407,108,0.389125734567642
no-MAD-pure,3407,109,0.38508802652359
no-MAD-pure,3407,110,0.37864550948143
no-MAD-pure,3407,111,0.388559907674789
no-MAD-pure,3407,112,0.374673217535019
no-MAD-pure,3407,113,0.37528321146965
no-MAD-pure,3407,114,0.376456469297409
no-MAD-pure,3407,115,0.363570034503937
no-MAD-pure,3407,116,0.365402162075043
no-MAD-pure,3407,117,0.372111082077026
no-MAD-pure,3407,118,0.371275573968887
no-MAD-pure,3407,119,0.36890920996666
no-MAD-pure,3407,120,0.366883128881454
no-MAD-pure,3407,121,0.362624824047089
no-MAD-pure,3407,122,0.363532185554504
no-MAD-pure,3407,123,0.365175187587738
no-MAD-pure,3407,124,0.361661076545715
no-MAD-pure,3407,125,0.35306915640831
no-MAD-pure,3407,126,0.350675731897354
no-MAD-pure,3407,127,0.3545783162117
no-MAD-pure,3407,128,0.349005311727524
no-MAD-pure,3407,129,0.361662358045578
no-MAD-pure,3407,130,0.350032061338425
no-MAD-pure,3407,131,0.338102221488953
no-MAD-pure,3407,132,0.345609188079834
no-MAD-pure,3407,133,0.34356901049614
no-MAD-pure,3407,134,0.339806258678436
no-MAD-pure,3407,135,0.336466550827026
no-MAD-pure,3407,136,0.338017582893372
no-MAD-pure,3407,137,0.333726674318314
no-MAD-pure,3407,138,0.33749121427536
no-MAD-pure,3407,139,0.339194148778915
no-MAD-pure,3407,140,0.328116863965988
no-MAD-pure,3407,141,0.331450432538986
no-MAD-pure,3407,142,0.335548639297485
no-MAD-pure,3407,143,0.323451429605484
no-MAD-pure,3407,144,0.32592648267746
no-MAD-pure,3407,145,0.327562034130096
no-MAD-pure,3407,146,0.315514177083969
no-MAD-pure,3407,147,0.320443838834763
no-MAD-pure,3407,148,0.321390300989151
no-MAD-pure,3407,149,0.32291442155838
no-MAD-pure,3407,150,0.326957523822784
no-MAD-pure,3407,151,0.31117108464241
no-MAD-pure,3407,152,0.32043132185936
no-MAD-pure,3407,153,0.313133180141449
no-MAD-pure,3407,154,0.316506117582321
no-MAD-pure,3407,155,0.306897193193436
no-MAD-pure,3407,156,0.316164612770081
no-MAD-pure,3407,157,0.304241150617599
no-MAD-pure,3407,158,0.315013498067856
no-MAD-pure,3407,159,0.313516676425934
no-MAD-pure,3407,160,0.306732654571533
no-MAD-pure,3407,161,0.304147779941559
no-MAD-pure,3407,162,0.302942007780075
no-MAD-pure,3407,163,0.297650814056396
no-MAD-pure,3407,164,0.301502645015717
no-MAD-pure,3407,165,0.305296242237091
no-MAD-pure,3407,166,0.307406425476074
no-MAD-pure,3407,167,0.301531791687012
no-MAD-pure,3407,168,0.301224201917648
no-MAD-pure,3407,169,0.294346928596497
no-MAD-pure,3407,170,0.297619879245758
no-MAD-pure,3407,171,0.299694359302521
no-MAD-pure,3407,172,0.291100323200226
no-MAD-pure,3407,173,0.293285042047501
no-MAD-pure,3407,174,0.295382708311081
no-MAD-pure,3407,175,0.29240757226944
no-MAD-pure,3407,176,0.293533176183701
no-MAD-pure,3407,177,0.297524660825729
no-MAD-pure,3407,178,0.29200479388237
no-MAD-pure,3407,179,0.288596630096436
no-MAD-pure,3407,180,0.285981416702271
no-MAD-pure,3407,181,0.288049906492233
no-MAD-pure,3407,182,0.281131088733673
no-MAD-pure,3407,183,0.285468995571136
no-MAD-pure,3407,184,0.282844483852386
no-MAD-pure,3407,185,0.282658338546753
no-MAD-pure,3407,186,0.278356850147247
no-MAD-pure,3407,187,0.285244941711426
no-MAD-pure,3407,188,0.282627195119858
no-MAD-pure,3407,189,0.276573449373245
no-MAD-pure,3407,190,0.277600109577179
no-MAD-pure,3407,191,0.275563597679138
no-MAD-pure,3407,192,0.272302180528641
no-MAD-pure,3407,193,0.275771290063858
no-MAD-pure,3407,194,0.274341255426407
no-MAD-pure,3407,195,0.279153078794479
no-MAD-pure,3407,196,0.275318056344986
no-MAD-pure,3407,197,0.266448080539703
no-MAD-pure,3407,198,0.274252474308014
no-MAD-pure,3407,199,0.271194458007812
no-MAD-pure,3407,200,0.268474787473679
no-MAD-pure,3407,201,0.274866610765457
no-MAD-pure,3407,202,0.27015745639801
no-MAD-pure,3407,203,0.266890436410904
no-MAD-pure,3407,204,0.269829720258713
no-MAD-pure,3407,205,0.273007094860077
no-MAD-pure,3407,206,0.266339778900146
no-MAD-pure,3407,207,0.26531720161438
no-MAD-pure,3407,208,0.26726159453392
no-MAD-pure,3407,209,0.256568670272827
no-MAD-pure,3407,210,0.25421130657196
no-MAD-pure,3407,211,0.271353363990784
no-MAD-pure,3407,212,0.261323481798172
no-MAD-pure,3407,213,0.258937567472458
no-MAD-pure,3407,214,0.263304978609085
no-MAD-pure,3407,215,0.260309010744095
no-MAD-pure,3407,216,0.263453543186188
no-MAD-pure,3407,217,0.266886651515961
no-MAD-pure,3407,218,0.25675493478775
no-MAD-pure,3407,219,0.255712032318115
no-MAD-pure,3407,220,0.256481111049652
no-MAD-pure,3407,221,0.251153320074081
no-MAD-pure,3407,222,0.256651818752289
no-MAD-pure,3407,223,0.249664321541786
no-MAD-pure,3407,224,0.249499946832657
no-MAD-pure,3407,225,0.257474541664124
no-MAD-pure,3407,226,0.257086008787155
no-MAD-pure,3407,227,0.246164038777351
no-MAD-pure,3407,228,0.24552346765995
no-MAD-pure,3407,229,0.25072580575943
no-MAD-pure,3407,230,0.251665055751801
no-MAD-pure,3407,231,0.245734423398972
no-MAD-pure,3407,232,0.241436034440994
no-MAD-pure,3407,233,0.254413187503815
no-MAD-pure,3407,234,0.239965111017227
no-MAD-pure,3407,235,0.250094681978226
no-MAD-pure,3407,236,0.245099768042564
no-MAD-pure,3407,237,0.24104006588459
no-MAD-pure,3407,238,0.251051127910614
no-MAD-pure,3407,239,0.239008158445358
no-MAD-pure,3407,240,0.241634637117386
no-MAD-pure,3407,241,0.241276428103447
no-MAD-pure,3407,242,0.244694843888283
no-MAD-pure,3407,243,0.235284820199013
no-MAD-pure,3407,244,0.237673059105873
no-MAD-pure,3407,245,0.240609765052795
no-MAD-pure,3407,246,0.237489148974419
no-MAD-pure,3407,247,0.242924749851227
no-MAD-pure,3407,248,0.237141653895378
no-MAD-pure,3407,249,0.229605495929718
no-MAD-pure,3407,250,0.239042699337006
no-MAD-pure,3407,251,0.240410462021828
no-MAD-pure,3407,252,0.24113754928112
no-MAD-pure,3407,253,0.236945584416389
no-MAD-pure,3407,254,0.237633466720581
no-MAD-pure,3407,255,0.23420712351799
no-MAD-pure,3407,256,0.238318994641304
no-MAD-pure,3407,257,0.231703370809555
no-MAD-pure,3407,258,0.236718207597733
no-MAD-pure,3407,259,0.238951236009598
no-MAD-pure,3407,260,0.233878940343857
no-MAD-pure,3407,261,0.234669283032417
no-MAD-pure,3407,262,0.228056475520134
no-MAD-pure,3407,263,0.231852695345879
no-MAD-pure,3407,264,0.23374417424202
no-MAD-pure,3407,265,0.236187994480133
no-MAD-pure,3407,266,0.236099094152451
no-MAD-pure,3407,267,0.234563872218132
no-MAD-pure,3407,268,0.232038408517838
no-MAD-pure,3407,269,0.221128106117249
no-MAD-pure,3407,270,0.231177806854248
no-MAD-pure,3407,271,0.22030209004879
no-MAD-pure,3407,272,0.223288998007774
no-MAD-pure,3407,273,0.228689461946487
no-MAD-pure,3407,274,0.225876495242119
no-MAD-pure,3407,275,0.233896151185036
no-MAD-pure,3407,276,0.229130238294601
no-MAD-pure,3407,277,0.222048327326775
no-MAD-pure,3407,278,0.220993712544441
no-MAD-pure,3407,279,0.225675955414772
no-MAD-pure,3407,280,0.224773183465004
no-MAD-pure,3407,281,0.222870856523514
no-MAD-pure,3407,282,0.222907200455666
no-MAD-pure,3407,283,0.224173426628113
no-MAD-pure,3407,284,0.220398962497711
no-MAD-pure,3407,285,0.227313935756683
no-MAD-pure,3407,286,0.229447588324547
no-MAD-pure,3407,287,0.226222589612007
no-MAD-pure,3407,288,0.223240107297897
no-MAD-pure,3407,289,0.221920251846313
no-MAD-pure,3407,290,0.215201243758202
no-MAD-pure,3407,291,0.21735505759716
no-MAD-pure,3407,292,0.22706638276577
no-MAD-pure,3407,293,0.220513671636581
no-MAD-pure,3407,294,0.223478063941002
no-MAD-pure,3407,295,0.218765884637833
no-MAD-pure,3407,296,0.215515166521072
no-MAD-pure,3407,297,0.214441478252411
no-MAD-pure,3407,298,0.207750275731087
no-MAD-pure,3407,299,0.20952744781971
no-MAD-pure,3407,300,0.216811925172806
no-MAD-pure,3407,301,0.218181058764458
no-MAD-pure,3407,302,0.219996348023415
no-MAD-pure,3407,303,0.215164288878441
no-MAD-pure,3407,304,0.216378018260002
no-MAD-pure,3407,305,0.209983125329018
no-MAD-pure,3407,306,0.221545621752739
no-MAD-pure,3407,307,0.210586279630661
no-MAD-pure,3407,308,0.213349848985672
no-MAD-pure,3407,309,0.212147057056427
no-MAD-pure,3407,310,0.215037569403648
no-MAD-pure,3407,311,0.214934453368187
no-MAD-pure,3407,312,0.214082583785057
no-MAD-pure,3407,313,0.205082431435585
no-MAD-pure,3407,314,0.208370208740234
no-MAD-pure,3407,315,0.215784579515457
no-MAD-pure,3407,316,0.207913964986801
no-MAD-pure,3407,317,0.22136501967907
no-MAD-pure,3407,318,0.203620880842209
no-MAD-pure,3407,319,0.214608743786812
no-MAD-pure,3407,320,0.210820063948631
no-MAD-pure,3407,321,0.217246353626251
no-MAD-pure,3407,322,0.210960268974304
no-MAD-pure,3407,323,0.205589354038239
no-MAD-pure,3407,324,0.210484802722931
no-MAD-pure,3407,325,0.205829381942749
no-MAD-pure,3407,326,0.208696082234383
no-MAD-pure,3407,327,0.201986417174339
no-MAD-pure,3407,328,0.209778934717178
no-MAD-pure,3407,329,0.213756665587425
no-MAD-pure,3407,330,0.203966826200485
no-MAD-pure,3407,331,0.208675116300583
no-MAD-pure,3407,332,0.207684889435768
no-MAD-pure,3407,333,0.204481199383736
no-MAD-pure,3407,334,0.208614751696587
no-MAD-pure,3407,335,0.199222773313522
no-MAD-pure,3407,336,0.209119021892548
no-MAD-pure,3407,337,0.206237450242043
no-MAD-pure,3407,338,0.209131807088852
no-MAD-pure,3407,339,0.202870607376099
no-MAD-pure,3407,340,0.202169805765152
no-MAD-pure,3407,341,0.210815161466599
no-MAD-pure,3407,342,0.205666348338127
no-MAD-pure,3407,343,0.20766219496727
no-MAD-pure,3407,344,0.196480259299278
no-MAD-pure,3407,345,0.204083159565926
no-MAD-pure,3407,346,0.201715007424355
no-MAD-pure,3407,347,0.199884712696075
no-MAD-pure,3407,348,0.201140522956848
no-MAD-pure,3407,349,0.20294725894928
no-MAD-pure,3407,350,0.201975092291832
no-MAD-pure,3407,351,0.205820322036743
no-MAD-pure,3407,352,0.203574493527412
no-MAD-pure,3407,353,0.206207424402237
no-MAD-pure,3407,354,0.209872514009476
no-MAD-pure,3407,355,0.206194624304771
no-MAD-pure,3407,356,0.195983156561852
no-MAD-pure,3407,357,0.202999994158745
no-MAD-pure,3407,358,0.202026516199112
no-MAD-pure,3407,359,0.199480682611465
no-MAD-pure,3407,360,0.202517181634903
no-MAD-pure,3407,361,0.195314079523087
no-MAD-pure,3407,362,0.197950556874275
no-MAD-pure,3407,363,0.202388808131218
no-MAD-pure,3407,364,0.196244746446609
no-MAD-pure,3407,365,0.202720418572426
no-MAD-pure,3407,366,0.194598570466042
no-MAD-pure,3407,367,0.195047810673714
no-MAD-pure,3407,368,0.200494021177292
no-MAD-pure,3407,369,0.19830060005188
no-MAD-pure,3407,370,0.197346836328506
no-MAD-pure,3407,371,0.197888314723969
no-MAD-pure,3407,372,0.195034831762314
no-MAD-pure,3407,373,0.194995358586311
no-MAD-pure,3407,374,0.19379660487175
no-MAD-pure,3407,375,0.196292236447334
no-MAD-pure,3407,376,0.193850010633469
no-MAD-pure,3407,377,0.199607953429222
no-MAD-pure,3407,378,0.193705141544342
no-MAD-pure,3407,379,0.197509273886681
no-MAD-pure,3407,380,0.198203891515732
no-MAD-pure,3407,381,0.18902313709259
no-MAD-pure,3407,382,0.200368776917458
no-MAD-pure,3407,383,0.193773254752159
no-MAD-pure,3407,384,0.198921054601669
no-MAD-pure,3407,385,0.193485081195831
no-MAD-pure,3407,386,0.19932709634304
no-MAD-pure,3407,387,0.196153044700623
no-MAD-pure,3407,388,0.196199864149094
no-MAD-pure,3407,389,0.199131265282631
no-MAD-pure,3407,390,0.190857917070389
no-MAD-pure,3407,391,0.196744561195374
no-MAD-pure,3407,392,0.192792132496834
no-MAD-pure,3407,393,0.193982675671577
no-MAD-pure,3407,394,0.18970037996769
no-MAD-pure,3407,395,0.194062948226929
no-MAD-pure,3407,396,0.189750954508781
no-MAD-pure,3407,397,0.196189969778061
no-MAD-pure,3407,398,0.19727423787117
no-MAD-pure,3407,399,0.186504781246185
no-MAD-pure,3407,400,0.190298736095428
no-MAD-pure,4518,1,0.633650898933411
no-MAD-pure,4518,2,0.633401393890381
no-MAD-pure,4518,3,0.63598108291626
no-MAD-pure,4518,4,0.632340133190155
no-MAD-pure,4518,5,0.63277143239975
no-MAD-pure,4518,6,0.631201565265656
no-MAD-pure,4518,7,0.629512965679169
no-MAD-pure,4518,8,0.629235684871674
no-MAD-pure,4518,9,0.633210718631744
no-MAD-pure,4518,10,0.628438234329224
no-MAD-pure,4518,11,0.628214418888092
no-MAD-pure,4518,12,0.626948595046997
no-MAD-pure,4518,13,0.626083254814148
no-MAD-pure,4518,14,0.62505841255188
no-MAD-pure,4518,15,0.624081194400787
no-MAD-pure,4518,16,0.62249356508255
no-MAD-pure,4518,17,0.62035346031189
no-MAD-pure,4518,18,0.619713962078094
no-MAD-pure,4518,19,0.620987951755524
no-MAD-pure,4518,20,0.614923179149628
no-MAD-pure,4518,21,0.616631627082825
no-MAD-pure,4518,22,0.614571273326874
no-MAD-pure,4518,23,0.613857328891754
no-MAD-pure,4518,24,0.611376404762268
no-MAD-pure,4518,25,0.610696196556091
no-MAD-pure,4518,26,0.611535310745239
no-MAD-pure,4518,27,0.607514917850494
no-MAD-pure,4518,28,0.607522785663605
no-MAD-pure,4518,29,0.604278445243835
no-MAD-pure,4518,30,0.603796184062958
no-MAD-pure,4518,31,0.59969425201416
no-MAD-pure,4518,32,0.598859131336212
no-MAD-pure,4518,33,0.600003302097321
no-MAD-pure,4518,34,0.596936285495758
no-MAD-pure,4518,35,0.591895043849945
no-MAD-pure,4518,36,0.594896256923676
no-MAD-pure,4518,37,0.586717188358307
no-MAD-pure,4518,38,0.585817277431488
no-MAD-pure,4518,39,0.583306550979614
no-MAD-pure,4518,40,0.580296397209167
no-MAD-pure,4518,41,0.579521656036377
no-MAD-pure,4518,42,0.57652223110199
no-MAD-pure,4518,43,0.575090229511261
no-MAD-pure,4518,44,0.572310209274292
no-MAD-pure,4518,45,0.566141843795776
no-MAD-pure,4518,46,0.568597435951233
no-MAD-pure,4518,47,0.56566196680069
no-MAD-pure,4518,48,0.560175359249115
no-MAD-pure,4518,49,0.559701442718506
no-MAD-pure,4518,50,0.559147119522095
no-MAD-pure,4518,51,0.556427597999573
no-MAD-pure,4518,52,0.55525141954422
no-MAD-pure,4518,53,0.548776268959045
no-MAD-pure,4518,54,0.548797965049744
no-MAD-pure,4518,55,0.5411576628685
no-MAD-pure,4518,56,0.541923224925995
no-MAD-pure,4518,57,0.539458811283112
no-MAD-pure,4518,58,0.536938011646271
no-MAD-pure,4518,59,0.53541761636734
no-MAD-pure,4518,60,0.53064900636673
no-MAD-pure,4518,61,0.530167698860168
no-MAD-pure,4518,62,0.525713622570038
no-MAD-pure,4518,63,0.520521759986877
no-MAD-pure,4518,64,0.519925057888031
no-MAD-pure,4518,65,0.521499812602997
no-MAD-pure,4518,66,0.512889921665192
no-MAD-pure,4518,67,0.513131082057953
no-MAD-pure,4518,68,0.510438203811646
no-MAD-pure,4518,69,0.507405161857605
no-MAD-pure,4518,70,0.505277574062347
no-MAD-pure,4518,71,0.496254771947861
no-MAD-pure,4518,72,0.500846147537231
no-MAD-pure,4518,73,0.498693287372589
no-MAD-pure,4518,74,0.486853450536728
no-MAD-pure,4518,75,0.486470878124237
no-MAD-pure,4518,76,0.487417548894882
no-MAD-pure,4518,77,0.481726735830307
no-MAD-pure,4518,78,0.48716276884079
no-MAD-pure,4518,79,0.479857504367828
no-MAD-pure,4518,80,0.475669622421265
no-MAD-pure,4518,81,0.470086336135864
no-MAD-pure,4518,82,0.468247205018997
no-MAD-pure,4518,83,0.464277893304825
no-MAD-pure,4518,84,0.469975590705872
no-MAD-pure,4518,85,0.456295490264893
no-MAD-pure,4518,86,0.458239138126373
no-MAD-pure,4518,87,0.455573916435242
no-MAD-pure,4518,88,0.450586974620819
no-MAD-pure,4518,89,0.453317821025848
no-MAD-pure,4518,90,0.44990935921669
no-MAD-pure,4518,91,0.437167763710022
no-MAD-pure,4518,92,0.439180284738541
no-MAD-pure,4518,93,0.441051453351974
no-MAD-pure,4518,94,0.439139574766159
no-MAD-pure,4518,95,0.445216983556747
no-MAD-pure,4518,96,0.432232052087784
no-MAD-pure,4518,97,0.43623760342598
no-MAD-pure,4518,98,0.430449098348618
no-MAD-pure,4518,99,0.423814743757248
no-MAD-pure,4518,100,0.419428944587708
no-MAD-pure,4518,101,0.418919771909714
no-MAD-pure,4518,102,0.417385995388031
no-MAD-pure,4518,103,0.410282403230667
no-MAD-pure,4518,104,0.409928143024445
no-MAD-pure,4518,105,0.415673106908798
no-MAD-pure,4518,106,0.407650172710419
no-MAD-pure,4518,107,0.406085580587387
no-MAD-pure,4518,108,0.411089926958084
no-MAD-pure,4518,109,0.401046067476273
no-MAD-pure,4518,110,0.400590181350708
no-MAD-pure,4518,111,0.394669979810715
no-MAD-pure,4518,112,0.3897365629673
no-MAD-pure,4518,113,0.397692322731018
no-MAD-pure,4518,114,0.393522828817368
no-MAD-pure,4518,115,0.384038388729095
no-MAD-pure,4518,116,0.390033543109894
no-MAD-pure,4518,117,0.380001455545425
no-MAD-pure,4518,118,0.37646758556366
no-MAD-pure,4518,119,0.381873041391373
no-MAD-pure,4518,120,0.376895993947983
no-MAD-pure,4518,121,0.38231760263443
no-MAD-pure,4518,122,0.381678223609924
no-MAD-pure,4518,123,0.372546404600143
no-MAD-pure,4518,124,0.371571600437164
no-MAD-pure,4518,125,0.367884814739227
no-MAD-pure,4518,126,0.360418766736984
no-MAD-pure,4518,127,0.370071470737457
no-MAD-pure,4518,128,0.364575326442719
no-MAD-pure,4518,129,0.353832900524139
no-MAD-pure,4518,130,0.362687677145004
no-MAD-pure,4518,131,0.361887574195862
no-MAD-pure,4518,132,0.355207353830338
no-MAD-pure,4518,133,0.360792964696884
no-MAD-pure,4518,134,0.361258655786514
no-MAD-pure,4518,135,0.3487349152565
no-MAD-pure,4518,136,0.348477602005005
no-MAD-pure,4518,137,0.344206601381302
no-MAD-pure,4518,138,0.34953960776329
no-MAD-pure,4518,139,0.345941334962845
no-MAD-pure,4518,140,0.341966778039932
no-MAD-pure,4518,141,0.34163823723793
no-MAD-pure,4518,142,0.331554919481277
no-MAD-pure,4518,143,0.34345617890358
no-MAD-pure,4518,144,0.340323120355606
no-MAD-pure,4518,145,0.33419942855835
no-MAD-pure,4518,146,0.336094975471497
no-MAD-pure,4518,147,0.326503574848175
no-MAD-pure,4518,148,0.330965399742126
no-MAD-pure,4518,149,0.330390006303787
no-MAD-pure,4518,150,0.325642585754395
no-MAD-pure,4518,151,0.331276535987854
no-MAD-pure,4518,152,0.330424815416336
no-MAD-pure,4518,153,0.321606874465942
no-MAD-pure,4518,154,0.318327695131302
no-MAD-pure,4518,155,0.324109792709351
no-MAD-pure,4518,156,0.315355777740479
no-MAD-pure,4518,157,0.318956673145294
no-MAD-pure,4518,158,0.318066865205765
no-MAD-pure,4518,159,0.320976674556732
no-MAD-pure,4518,160,0.314617604017258
no-MAD-pure,4518,161,0.319742798805237
no-MAD-pure,4518,162,0.31966358423233
no-MAD-pure,4518,163,0.309912830591202
no-MAD-pure,4518,164,0.308045655488968
no-MAD-pure,4518,165,0.314929813146591
no-MAD-pure,4518,166,0.302838146686554
no-MAD-pure,4518,167,0.309698134660721
no-MAD-pure,4518,168,0.30484738945961
no-MAD-pure,4518,169,0.299519956111908
no-MAD-pure,4518,170,0.298309504985809
no-MAD-pure,4518,171,0.309052020311356
no-MAD-pure,4518,172,0.302633374929428
no-MAD-pure,4518,173,0.298982679843903
no-MAD-pure,4518,174,0.299776554107666
no-MAD-pure,4518,175,0.298821330070496
no-MAD-pure,4518,176,0.294596016407013
no-MAD-pure,4518,177,0.297701388597488
no-MAD-pure,4518,178,0.2883280813694
no-MAD-pure,4518,179,0.29528996348381
no-MAD-pure,4518,180,0.288442730903625
no-MAD-pure,4518,181,0.291547864675522
no-MAD-pure,4518,182,0.288527578115463
no-MAD-pure,4518,183,0.290416270494461
no-MAD-pure,4518,184,0.289617240428925
no-MAD-pure,4518,185,0.289224952459335
no-MAD-pure,4518,186,0.288232684135437
no-MAD-pure,4518,187,0.284538328647614
no-MAD-pure,4518,188,0.283697664737701
no-MAD-pure,4518,189,0.284031957387924
no-MAD-pure,4518,190,0.28975310921669
no-MAD-pure,4518,191,0.284089058637619
no-MAD-pure,4518,192,0.282781988382339
no-MAD-pure,4518,193,0.282094717025757
no-MAD-pure,4518,194,0.282733827829361
no-MAD-pure,4518,195,0.277956634759903
no-MAD-pure,4518,196,0.280696958303452
no-MAD-pure,4518,197,0.275547087192535
no-MAD-pure,4518,198,0.268310964107513
no-MAD-pure,4518,199,0.266375720500946
no-MAD-pure,4518,200,0.276672750711441
no-MAD-pure,4518,201,0.270479679107666
no-MAD-pure,4518,202,0.276924878358841
no-MAD-pure,4518,203,0.263187617063522
no-MAD-pure,4518,204,0.267554581165314
no-MAD-pure,4518,205,0.264791935682297
no-MAD-pure,4518,206,0.267901003360748
no-MAD-pure,4518,207,0.27764043211937
no-MAD-pure,4518,208,0.27256652712822
no-MAD-pure,4518,209,0.26162388920784
no-MAD-pure,4518,210,0.263801991939545
no-MAD-pure,4518,211,0.266794621944427
no-MAD-pure,4518,212,0.266093999147415
no-MAD-pure,4518,213,0.2604800760746
no-MAD-pure,4518,214,0.261450797319412
no-MAD-pure,4518,215,0.262599915266037
no-MAD-pure,4518,216,0.258694469928741
no-MAD-pure,4518,217,0.25774347782135
no-MAD-pure,4518,218,0.258724302053452
no-MAD-pure,4518,219,0.25750133395195
no-MAD-pure,4518,220,0.254800468683243
no-MAD-pure,4518,221,0.262007206678391
no-MAD-pure,4518,222,0.260596990585327
no-MAD-pure,4518,223,0.260725349187851
no-MAD-pure,4518,224,0.255561172962189
no-MAD-pure,4518,225,0.258100539445877
no-MAD-pure,4518,226,0.260664373636246
no-MAD-pure,4518,227,0.250113189220428
no-MAD-pure,4518,228,0.262363344430923
no-MAD-pure,4518,229,0.257246792316437
no-MAD-pure,4518,230,0.256411135196686
no-MAD-pure,4518,231,0.253840088844299
no-MAD-pure,4518,232,0.247113823890686
no-MAD-pure,4518,233,0.247072458267212
no-MAD-pure,4518,234,0.251055866479874
no-MAD-pure,4518,235,0.250822991132736
no-MAD-pure,4518,236,0.250296980142593
no-MAD-pure,4518,237,0.247155249118805
no-MAD-pure,4518,238,0.251121699810028
no-MAD-pure,4518,239,0.24414935708046
no-MAD-pure,4518,240,0.24295400083065
no-MAD-pure,4518,241,0.239987701177597
no-MAD-pure,4518,242,0.244389936327934
no-MAD-pure,4518,243,0.250130087137222
no-MAD-pure,4518,244,0.246406555175781
no-MAD-pure,4518,245,0.232789263129234
no-MAD-pure,4518,246,0.249506518244743
no-MAD-pure,4518,247,0.240678638219833
no-MAD-pure,4518,248,0.241668939590454
no-MAD-pure,4518,249,0.235234051942825
no-MAD-pure,4518,250,0.243853166699409
no-MAD-pure,4518,251,0.237815514206886
no-MAD-pure,4518,252,0.245389044284821
no-MAD-pure,4518,253,0.236585900187492
no-MAD-pure,4518,254,0.236290261149406
no-MAD-pure,4518,255,0.242820799350739
no-MAD-pure,4518,256,0.243336096405983
no-MAD-pure,4518,257,0.235466882586479
no-MAD-pure,4518,258,0.230316877365112
no-MAD-pure,4518,259,0.229229748249054
no-MAD-pure,4518,260,0.23879636824131
no-MAD-pure,4518,261,0.242988243699074
no-MAD-pure,4518,262,0.232589364051819
no-MAD-pure,4518,263,0.235435485839844
no-MAD-pure,4518,264,0.234948560595512
no-MAD-pure,4518,265,0.226927071809769
no-MAD-pure,4518,266,0.232254207134247
no-MAD-pure,4518,267,0.228030890226364
no-MAD-pure,4518,268,0.230669885873795
no-MAD-pure,4518,269,0.228614300489426
no-MAD-pure,4518,270,0.236233621835709
no-MAD-pure,4518,271,0.233754247426987
no-MAD-pure,4518,272,0.229201659560204
no-MAD-pure,4518,273,0.225385800004005
no-MAD-pure,4518,274,0.224664211273193
no-MAD-pure,4518,275,0.229188725352287
no-MAD-pure,4518,276,0.229601621627808
no-MAD-pure,4518,277,0.226209342479706
no-MAD-pure,4518,278,0.235411256551743
no-MAD-pure,4518,279,0.225488722324371
no-MAD-pure,4518,280,0.225454345345497
no-MAD-pure,4518,281,0.226032108068466
no-MAD-pure,4518,282,0.219891563057899
no-MAD-pure,4518,283,0.224964439868927
no-MAD-pure,4518,284,0.222623214125633
no-MAD-pure,4518,285,0.229748010635376
no-MAD-pure,4518,286,0.223070248961449
no-MAD-pure,4518,287,0.219437658786774
no-MAD-pure,4518,288,0.225738763809204
no-MAD-pure,4518,289,0.219684809446335
no-MAD-pure,4518,290,0.215760663151741
no-MAD-pure,4518,291,0.218046084046364
no-MAD-pure,4518,292,0.219548404216766
no-MAD-pure,4518,293,0.224417850375175
no-MAD-pure,4518,294,0.217710927128792
no-MAD-pure,4518,295,0.218153461813927
no-MAD-pure,4518,296,0.220813378691673
no-MAD-pure,4518,297,0.216280117630959
no-MAD-pure,4518,298,0.215547174215317
no-MAD-pure,4518,299,0.222053542733192
no-MAD-pure,4518,300,0.218573361635208
no-MAD-pure,4518,301,0.220087647438049
no-MAD-pure,4518,302,0.221233710646629
no-MAD-pure,4518,303,0.214038282632828
no-MAD-pure,4518,304,0.212149947881699
no-MAD-pure,4518,305,0.212853878736496
no-MAD-pure,4518,306,0.21672585606575
no-MAD-pure,4518,307,0.22360934317112
no-MAD-pure,4518,308,0.218509703874588
no-MAD-pure,4518,309,0.21925613284111
no-MAD-pure,4518,310,0.211801663041115
no-MAD-pure,4518,311,0.211561799049377
no-MAD-pure,4518,312,0.221558436751366
no-MAD-pure,4518,313,0.215776324272156
no-MAD-pure,4518,314,0.20902881026268
no-MAD-pure,4518,315,0.20997466146946
no-MAD-pure,4518,316,0.20880289375782
no-MAD-pure,4518,317,0.211023271083832
no-MAD-pure,4518,318,0.211581662297249
no-MAD-pure,4518,319,0.215411350131035
no-MAD-pure,4518,320,0.207836136221886
no-MAD-pure,4518,321,0.212617486715317
no-MAD-pure,4518,322,0.207808673381805
no-MAD-pure,4518,323,0.216736078262329
no-MAD-pure,4518,324,0.21031679213047
no-MAD-pure,4518,325,0.210125014185905
no-MAD-pure,4518,326,0.200880795717239
no-MAD-pure,4518,327,0.208214044570923
no-MAD-pure,4518,328,0.204941764473915
no-MAD-pure,4518,329,0.208550065755844
no-MAD-pure,4518,330,0.20673830807209
no-MAD-pure,4518,331,0.209176659584045
no-MAD-pure,4518,332,0.21497842669487
no-MAD-pure,4518,333,0.19995941221714
no-MAD-pure,4518,334,0.206880614161491
no-MAD-pure,4518,335,0.202085241675377
no-MAD-pure,4518,336,0.211353421211243
no-MAD-pure,4518,337,0.205891638994217
no-MAD-pure,4518,338,0.20598241686821
no-MAD-pure,4518,339,0.211704701185226
no-MAD-pure,4518,340,0.202054113149643
no-MAD-pure,4518,341,0.201174169778824
no-MAD-pure,4518,342,0.208650708198547
no-MAD-pure,4518,343,0.202352806925774
no-MAD-pure,4518,344,0.207474544644356
no-MAD-pure,4518,345,0.20099849998951
no-MAD-pure,4518,346,0.209894821047783
no-MAD-pure,4518,347,0.209296107292175
no-MAD-pure,4518,348,0.205826207995415
no-MAD-pure,4518,349,0.203434258699417
no-MAD-pure,4518,350,0.201622486114502
no-MAD-pure,4518,351,0.208908170461655
no-MAD-pure,4518,352,0.203972801566124
no-MAD-pure,4518,353,0.194657385349274
no-MAD-pure,4518,354,0.197465509176254
no-MAD-pure,4518,355,0.201426848769188
no-MAD-pure,4518,356,0.202143743634224
no-MAD-pure,4518,357,0.198190942406654
no-MAD-pure,4518,358,0.200216308236122
no-MAD-pure,4518,359,0.203350692987442
no-MAD-pure,4518,360,0.20171731710434
no-MAD-pure,4518,361,0.194732859730721
no-MAD-pure,4518,362,0.193842351436615
no-MAD-pure,4518,363,0.198719501495361
no-MAD-pure,4518,364,0.201281979680061
no-MAD-pure,4518,365,0.203003630042076
no-MAD-pure,4518,366,0.200534448027611
no-MAD-pure,4518,367,0.197543203830719
no-MAD-pure,4518,368,0.199556246399879
no-MAD-pure,4518,369,0.198382899165154
no-MAD-pure,4518,370,0.202102527022362
no-MAD-pure,4518,371,0.1949452906847
no-MAD-pure,4518,372,0.198251068592072
no-MAD-pure,4518,373,0.201202690601349
no-MAD-pure,4518,374,0.198073551058769
no-MAD-pure,4518,375,0.19740055501461
no-MAD-pure,4518,376,0.20086769759655
no-MAD-pure,4518,377,0.196561992168427
no-MAD-pure,4518,378,0.195071011781693
no-MAD-pure,4518,379,0.199672251939774
no-MAD-pure,4518,380,0.203075289726257
no-MAD-pure,4518,381,0.200116977095604
no-MAD-pure,4518,382,0.190321683883667
no-MAD-pure,4518,383,0.196691229939461
no-MAD-pure,4518,384,0.199724391102791
no-MAD-pure,4518,385,0.20027856528759
no-MAD-pure,4518,386,0.192256048321724
no-MAD-pure,4518,387,0.197337836027145
no-MAD-pure,4518,388,0.197868064045906
no-MAD-pure,4518,389,0.19640576839447
no-MAD-pure,4518,390,0.194767236709595
no-MAD-pure,4518,391,0.194700464606285
no-MAD-pure,4518,392,0.192679166793823
no-MAD-pure,4518,393,0.198068052530289
no-MAD-pure,4518,394,0.196822851896286
no-MAD-pure,4518,395,0.192234247922897
no-MAD-pure,4518,396,0.19333104789257
no-MAD-pure,4518,397,0.187603682279587
no-MAD-pure,4518,398,0.20015661418438
no-MAD-pure,4518,399,0.192197784781456
no-MAD-pure,4518,400,0.191771790385246
no-MAD-pure,5629,1,0.633700251579285
no-MAD-pure,5629,2,0.634056210517883
no-MAD-pure,5629,3,0.63409560918808
no-MAD-pure,5629,4,0.633754849433899
no-MAD-pure,5629,5,0.63498067855835
no-MAD-pure,5629,6,0.634210824966431
no-MAD-pure,5629,7,0.632212281227112
no-MAD-pure,5629,8,0.632739841938019
no-MAD-pure,5629,9,0.633448481559753
no-MAD-pure,5629,10,0.630490660667419
no-MAD-pure,5629,11,0.630983650684357
no-MAD-pure,5629,12,0.630247294902802
no-MAD-pure,5629,13,0.633833467960358
no-MAD-pure,5629,14,0.626352727413177
no-MAD-pure,5629,15,0.626956284046173
no-MAD-pure,5629,16,0.629979014396667
no-MAD-pure,5629,17,0.629373550415039
no-MAD-pure,5629,18,0.627336144447327
no-MAD-pure,5629,19,0.62648206949234
no-MAD-pure,5629,20,0.626118779182434
no-MAD-pure,5629,21,0.624121129512787
no-MAD-pure,5629,22,0.622929394245148
no-MAD-pure,5629,23,0.617632448673248
no-MAD-pure,5629,24,0.619205415248871
no-MAD-pure,5629,25,0.616211771965027
no-MAD-pure,5629,26,0.614577651023865
no-MAD-pure,5629,27,0.61368054151535
no-MAD-pure,5629,28,0.612713217735291
no-MAD-pure,5629,29,0.6121546626091
no-MAD-pure,5629,30,0.607562601566315
no-MAD-pure,5629,31,0.607521831989288
no-MAD-pure,5629,32,0.605063855648041
no-MAD-pure,5629,33,0.603985846042633
no-MAD-pure,5629,34,0.599067986011505
no-MAD-pure,5629,35,0.597896456718445
no-MAD-pure,5629,36,0.596747934818268
no-MAD-pure,5629,37,0.592668890953064
no-MAD-pure,5629,38,0.593588590621948
no-MAD-pure,5629,39,0.591107428073883
no-MAD-pure,5629,40,0.587240278720856
no-MAD-pure,5629,41,0.583713591098785
no-MAD-pure,5629,42,0.582499861717224
no-MAD-pure,5629,43,0.575815916061401
no-MAD-pure,5629,44,0.579883813858032
no-MAD-pure,5629,45,0.572250068187714
no-MAD-pure,5629,46,0.572910666465759
no-MAD-pure,5629,47,0.568493545055389
no-MAD-pure,5629,48,0.565821588039398
no-MAD-pure,5629,49,0.567505240440369
no-MAD-pure,5629,50,0.564376354217529
no-MAD-pure,5629,51,0.562144160270691
no-MAD-pure,5629,52,0.553785741329193
no-MAD-pure,5629,53,0.557330429553986
no-MAD-pure,5629,54,0.550401985645294
no-MAD-pure,5629,55,0.545834124088287
no-MAD-pure,5629,56,0.546502888202667
no-MAD-pure,5629,57,0.545048475265503
no-MAD-pure,5629,58,0.541070699691772
no-MAD-pure,5629,59,0.537954092025757
no-MAD-pure,5629,60,0.533694207668304
no-MAD-pure,5629,61,0.532825708389282
no-MAD-pure,5629,62,0.529538929462433
no-MAD-pure,5629,63,0.525449275970459
no-MAD-pure,5629,64,0.521756827831268
no-MAD-pure,5629,65,0.516144692897797
no-MAD-pure,5629,66,0.516321003437042
no-MAD-pure,5629,67,0.509097337722778
no-MAD-pure,5629,68,0.508671879768372
no-MAD-pure,5629,69,0.502087235450745
no-MAD-pure,5629,70,0.502103090286255
no-MAD-pure,5629,71,0.499676644802094
no-MAD-pure,5629,72,0.490721076726913
no-MAD-pure,5629,73,0.493516653776169
no-MAD-pure,5629,74,0.489181697368622
no-MAD-pure,5629,75,0.493368834257126
no-MAD-pure,5629,76,0.48047199845314
no-MAD-pure,5629,77,0.481747150421143
no-MAD-pure,5629,78,0.474597185850143
no-MAD-pure,5629,79,0.475595146417618
no-MAD-pure,5629,80,0.471713304519653
no-MAD-pure,5629,81,0.467615932226181
no-MAD-pure,5629,82,0.464791983366013
no-MAD-pure,5629,83,0.465212821960449
no-MAD-pure,5629,84,0.463358700275421
no-MAD-pure,5629,85,0.457409083843231
no-MAD-pure,5629,86,0.459274888038635
no-MAD-pure,5629,87,0.452699899673462
no-MAD-pure,5629,88,0.452522754669189
no-MAD-pure,5629,89,0.44692274928093
no-MAD-pure,5629,90,0.444195806980133
no-MAD-pure,5629,91,0.441119253635406
no-MAD-pure,5629,92,0.438412040472031
no-MAD-pure,5629,93,0.435365051031113
no-MAD-pure,5629,94,0.434225738048553
no-MAD-pure,5629,95,0.427130788564682
no-MAD-pure,5629,96,0.430319279432297
no-MAD-pure,5629,97,0.425766497850418
no-MAD-pure,5629,98,0.424205809831619
no-MAD-pure,5629,99,0.420625597238541
no-MAD-pure,5629,100,0.41461718082428
no-MAD-pure,5629,101,0.417620897293091
no-MAD-pure,5629,102,0.410979777574539
no-MAD-pure,5629,103,0.407130807638168
no-MAD-pure,5629,104,0.402361124753952
no-MAD-pure,5629,105,0.403488963842392
no-MAD-pure,5629,106,0.403054982423782
no-MAD-pure,5629,107,0.395101755857468
no-MAD-pure,5629,108,0.400534212589264
no-MAD-pure,5629,109,0.402104139328003
no-MAD-pure,5629,110,0.396085888147354
no-MAD-pure,5629,111,0.39041393995285
no-MAD-pure,5629,112,0.394152104854584
no-MAD-pure,5629,113,0.387308239936829
no-MAD-pure,5629,114,0.382458746433258
no-MAD-pure,5629,115,0.379036009311676
no-MAD-pure,5629,116,0.384325504302979
no-MAD-pure,5629,117,0.38526913523674
no-MAD-pure,5629,118,0.375571817159653
no-MAD-pure,5629,119,0.381508558988571
no-MAD-pure,5629,120,0.370393395423889
no-MAD-pure,5629,121,0.370533585548401
no-MAD-pure,5629,122,0.37294340133667
no-MAD-pure,5629,123,0.370245546102524
no-MAD-pure,5629,124,0.367970556020737
no-MAD-pure,5629,125,0.367453187704086
no-MAD-pure,5629,126,0.355820745229721
no-MAD-pure,5629,127,0.355981320142746
no-MAD-pure,5629,128,0.354557067155838
no-MAD-pure,5629,129,0.352360308170319
no-MAD-pure,5629,130,0.353695034980774
no-MAD-pure,5629,131,0.356185853481293
no-MAD-pure,5629,132,0.351370424032211
no-MAD-pure,5629,133,0.349285066127777
no-MAD-pure,5629,134,0.343685805797577
no-MAD-pure,5629,135,0.342344641685486
no-MAD-pure,5629,136,0.345492362976074
no-MAD-pure,5629,137,0.344843029975891
no-MAD-pure,5629,138,0.3380988240242
no-MAD-pure,5629,139,0.34259107708931
no-MAD-pure,5629,140,0.337655156850815
no-MAD-pure,5629,141,0.334980666637421
no-MAD-pure,5629,142,0.332141160964966
no-MAD-pure,5629,143,0.331128120422363
no-MAD-pure,5629,144,0.330174207687378
no-MAD-pure,5629,145,0.325153648853302
no-MAD-pure,5629,146,0.331801772117615
no-MAD-pure,5629,147,0.332918524742126
no-MAD-pure,5629,148,0.332068562507629
no-MAD-pure,5629,149,0.330802381038666
no-MAD-pure,5629,150,0.326205372810364
no-MAD-pure,5629,151,0.3202785551548
no-MAD-pure,5629,152,0.322562038898468
no-MAD-pure,5629,153,0.316661477088928
no-MAD-pure,5629,154,0.316723376512527
no-MAD-pure,5629,155,0.31713542342186
no-MAD-pure,5629,156,0.313429206609726
no-MAD-pure,5629,157,0.313587248325348
no-MAD-pure,5629,158,0.312143385410309
no-MAD-pure,5629,159,0.311024963855743
no-MAD-pure,5629,160,0.306029468774796
no-MAD-pure,5629,161,0.305603891611099
no-MAD-pure,5629,162,0.30642369389534
no-MAD-pure,5629,163,0.313716739416122
no-MAD-pure,5629,164,0.296855896711349
no-MAD-pure,5629,165,0.300414562225342
no-MAD-pure,5629,166,0.296428591012955
no-MAD-pure,5629,167,0.297013223171234
no-MAD-pure,5629,168,0.300758332014084
no-MAD-pure,5629,169,0.294827342033386
no-MAD-pure,5629,170,0.300122082233429
no-MAD-pure,5629,171,0.299610286951065
no-MAD-pure,5629,172,0.292071282863617
no-MAD-pure,5629,173,0.305169194936752
no-MAD-pure,5629,174,0.303236395120621
no-MAD-pure,5629,175,0.294974148273468
no-MAD-pure,5629,176,0.294934630393982
no-MAD-pure,5629,177,0.295489937067032
no-MAD-pure,5629,178,0.288194805383682
no-MAD-pure,5629,179,0.285764396190643
no-MAD-pure,5629,180,0.29742419719696
no-MAD-pure,5629,181,0.287520498037338
no-MAD-pure,5629,182,0.290217041969299
no-MAD-pure,5629,183,0.281394630670547
no-MAD-pure,5629,184,0.284350216388702
no-MAD-pure,5629,185,0.285321474075317
no-MAD-pure,5629,186,0.276756972074509
no-MAD-pure,5629,187,0.275285691022873
no-MAD-pure,5629,188,0.284593403339386
no-MAD-pure,5629,189,0.281051635742188
no-MAD-pure,5629,190,0.278516054153442
no-MAD-pure,5629,191,0.276747316122055
no-MAD-pure,5629,192,0.279093742370605
no-MAD-pure,5629,193,0.28157901763916
no-MAD-pure,5629,194,0.267888486385345
no-MAD-pure,5629,195,0.273543924093246
no-MAD-pure,5629,196,0.273081511259079
no-MAD-pure,5629,197,0.269195258617401
no-MAD-pure,5629,198,0.276293635368347
no-MAD-pure,5629,199,0.274473488330841
no-MAD-pure,5629,200,0.274461418390274
no-MAD-pure,5629,201,0.269866615533829
no-MAD-pure,5629,202,0.273194193840027
no-MAD-pure,5629,203,0.268052846193314
no-MAD-pure,5629,204,0.270543932914734
no-MAD-pure,5629,205,0.265859037637711
no-MAD-pure,5629,206,0.269594937562943
no-MAD-pure,5629,207,0.26612114906311
no-MAD-pure,5629,208,0.260313719511032
no-MAD-pure,5629,209,0.270821094512939
no-MAD-pure,5629,210,0.267270237207413
no-MAD-pure,5629,211,0.271208584308624
no-MAD-pure,5629,212,0.254584968090057
no-MAD-pure,5629,213,0.262333750724792
no-MAD-pure,5629,214,0.259460747241974
no-MAD-pure,5629,215,0.258075326681137
no-MAD-pure,5629,216,0.258399665355682
no-MAD-pure,5629,217,0.246897011995316
no-MAD-pure,5629,218,0.261280089616776
no-MAD-pure,5629,219,0.254798114299774
no-MAD-pure,5629,220,0.256359070539474
no-MAD-pure,5629,221,0.25816148519516
no-MAD-pure,5629,222,0.253935039043427
no-MAD-pure,5629,223,0.257661312818527
no-MAD-pure,5629,224,0.254268884658813
no-MAD-pure,5629,225,0.259370714426041
no-MAD-pure,5629,226,0.245286896824837
no-MAD-pure,5629,227,0.250976622104645
no-MAD-pure,5629,228,0.252793669700623
no-MAD-pure,5629,229,0.251976758241653
no-MAD-pure,5629,230,0.254852205514908
no-MAD-pure,5629,231,0.255221277475357
no-MAD-pure,5629,232,0.256372064352036
no-MAD-pure,5629,233,0.253720015287399
no-MAD-pure,5629,234,0.247584849596024
no-MAD-pure,5629,235,0.241623371839523
no-MAD-pure,5629,236,0.247580990195274
no-MAD-pure,5629,237,0.247037932276726
no-MAD-pure,5629,238,0.24044705927372
no-MAD-pure,5629,239,0.247085973620415
no-MAD-pure,5629,240,0.246436312794685
no-MAD-pure,5629,241,0.241791233420372
no-MAD-pure,5629,242,0.239334374666214
no-MAD-pure,5629,243,0.238874331116676
no-MAD-pure,5629,244,0.241572737693787
no-MAD-pure,5629,245,0.23503689467907
no-MAD-pure,5629,246,0.241135507822037
no-MAD-pure,5629,247,0.243748903274536
no-MAD-pure,5629,248,0.2434092015028
no-MAD-pure,5629,249,0.238702476024628
no-MAD-pure,5629,250,0.242355868220329
no-MAD-pure,5629,251,0.234404996037483
no-MAD-pure,5629,252,0.243020817637444
no-MAD-pure,5629,253,0.233619630336761
no-MAD-pure,5629,254,0.23028302192688
no-MAD-pure,5629,255,0.231418952345848
no-MAD-pure,5629,256,0.227629378437996
no-MAD-pure,5629,257,0.224126681685448
no-MAD-pure,5629,258,0.233364626765251
no-MAD-pure,5629,259,0.235958069562912
no-MAD-pure,5629,260,0.23034705221653
no-MAD-pure,5629,261,0.240910738706589
no-MAD-pure,5629,262,0.23128978908062
no-MAD-pure,5629,263,0.229768037796021
no-MAD-pure,5629,264,0.235179111361504
no-MAD-pure,5629,265,0.227950498461723
no-MAD-pure,5629,266,0.223256692290306
no-MAD-pure,5629,267,0.2341488301754
no-MAD-pure,5629,268,0.227208092808723
no-MAD-pure,5629,269,0.225036978721619
no-MAD-pure,5629,270,0.221864134073257
no-MAD-pure,5629,271,0.220691040158272
no-MAD-pure,5629,272,0.221692457795143
no-MAD-pure,5629,273,0.228907287120819
no-MAD-pure,5629,274,0.219681024551392
no-MAD-pure,5629,275,0.221669226884842
no-MAD-pure,5629,276,0.231977507472038
no-MAD-pure,5629,277,0.228943333029747
no-MAD-pure,5629,278,0.227547690272331
no-MAD-pure,5629,279,0.224777564406395
no-MAD-pure,5629,280,0.220483720302582
no-MAD-pure,5629,281,0.224070504307747
no-MAD-pure,5629,282,0.226717889308929
no-MAD-pure,5629,283,0.231075465679169
no-MAD-pure,5629,284,0.216952130198479
no-MAD-pure,5629,285,0.226955994963646
no-MAD-pure,5629,286,0.213476449251175
no-MAD-pure,5629,287,0.218284204602242
no-MAD-pure,5629,288,0.217737793922424
no-MAD-pure,5629,289,0.221038639545441
no-MAD-pure,5629,290,0.22225347161293
no-MAD-pure,5629,291,0.212101593613625
no-MAD-pure,5629,292,0.221603006124496
no-MAD-pure,5629,293,0.220456928014755
no-MAD-pure,5629,294,0.222751706838608
no-MAD-pure,5629,295,0.216883555054665
no-MAD-pure,5629,296,0.218238011002541
no-MAD-pure,5629,297,0.212528392672539
no-MAD-pure,5629,298,0.219421476125717
no-MAD-pure,5629,299,0.215390607714653
no-MAD-pure,5629,300,0.21670950949192
no-MAD-pure,5629,301,0.213194459676743
no-MAD-pure,5629,302,0.214340537786484
no-MAD-pure,5629,303,0.214708432555199
no-MAD-pure,5629,304,0.225195646286011
no-MAD-pure,5629,305,0.215179651975632
no-MAD-pure,5629,306,0.210926383733749
no-MAD-pure,5629,307,0.208220437169075
no-MAD-pure,5629,308,0.210158258676529
no-MAD-pure,5629,309,0.212057068943977
no-MAD-pure,5629,310,0.208164617419243
no-MAD-pure,5629,311,0.209527835249901
no-MAD-pure,5629,312,0.218163534998894
no-MAD-pure,5629,313,0.206122100353241
no-MAD-pure,5629,314,0.211081936955452
no-MAD-pure,5629,315,0.21493299305439
no-MAD-pure,5629,316,0.212106138467789
no-MAD-pure,5629,317,0.215267211198807
no-MAD-pure,5629,318,0.209347814321518
no-MAD-pure,5629,319,0.212451726198196
no-MAD-pure,5629,320,0.212288990616798
no-MAD-pure,5629,321,0.207230672240257
no-MAD-pure,5629,322,0.213037848472595
no-MAD-pure,5629,323,0.208936735987663
no-MAD-pure,5629,324,0.2088273614645
no-MAD-pure,5629,325,0.208107590675354
no-MAD-pure,5629,326,0.207086622714996
no-MAD-pure,5629,327,0.203757807612419
no-MAD-pure,5629,328,0.201389342546463
no-MAD-pure,5629,329,0.206794500350952
no-MAD-pure,5629,330,0.202377691864967
no-MAD-pure,5629,331,0.205585390329361
no-MAD-pure,5629,332,0.206777125597
no-MAD-pure,5629,333,0.204929143190384
no-MAD-pure,5629,334,0.20065949857235
no-MAD-pure,5629,335,0.207858696579933
no-MAD-pure,5629,336,0.210848748683929
no-MAD-pure,5629,337,0.21264922618866
no-MAD-pure,5629,338,0.201786518096924
no-MAD-pure,5629,339,0.199481025338173
no-MAD-pure,5629,340,0.20765133202076
no-MAD-pure,5629,341,0.20627935230732
no-MAD-pure,5629,342,0.202538147568703
no-MAD-pure,5629,343,0.196684539318085
no-MAD-pure,5629,344,0.20561183989048
no-MAD-pure,5629,345,0.198422148823738
no-MAD-pure,5629,346,0.200489163398743
no-MAD-pure,5629,347,0.202861025929451
no-MAD-pure,5629,348,0.200879082083702
no-MAD-pure,5629,349,0.199993088841438
no-MAD-pure,5629,350,0.191324591636658
no-MAD-pure,5629,351,0.200619757175446
no-MAD-pure,5629,352,0.205306276679039
no-MAD-pure,5629,353,0.198466867208481
no-MAD-pure,5629,354,0.207749292254448
no-MAD-pure,5629,355,0.200358033180237
no-MAD-pure,5629,356,0.2020024061203
no-MAD-pure,5629,357,0.19946825504303
no-MAD-pure,5629,358,0.199476018548012
no-MAD-pure,5629,359,0.19772444665432
no-MAD-pure,5629,360,0.197646513581276
no-MAD-pure,5629,361,0.192877650260925
no-MAD-pure,5629,362,0.19862924516201
no-MAD-pure,5629,363,0.20203885436058
no-MAD-pure,5629,364,0.199768275022507
no-MAD-pure,5629,365,0.191229060292244
no-MAD-pure,5629,366,0.194435402750969
no-MAD-pure,5629,367,0.201261132955551
no-MAD-pure,5629,368,0.191787630319595
no-MAD-pure,5629,369,0.193014413118362
no-MAD-pure,5629,370,0.193748936057091
no-MAD-pure,5629,371,0.193475067615509
no-MAD-pure,5629,372,0.200858026742935
no-MAD-pure,5629,373,0.192818403244019
no-MAD-pure,5629,374,0.18762768805027
no-MAD-pure,5629,375,0.1985984146595
no-MAD-pure,5629,376,0.192180573940277
no-MAD-pure,5629,377,0.196224242448807
no-MAD-pure,5629,378,0.19305220246315
no-MAD-pure,5629,379,0.194470837712288
no-MAD-pure,5629,380,0.194629862904549
no-MAD-pure,5629,381,0.192042201757431
no-MAD-pure,5629,382,0.198901146650314
no-MAD-pure,5629,383,0.194283753633499
no-MAD-pure,5629,384,0.190978273749352
no-MAD-pure,5629,385,0.195108607411385
no-MAD-pure,5629,386,0.192898616194725
no-MAD-pure,5629,387,0.189989700913429
no-MAD-pure,5629,388,0.1939417719841
no-MAD-pure,5629,389,0.191327497363091
no-MAD-pure,5629,390,0.191966772079468
no-MAD-pure,5629,391,0.194620847702026
no-MAD-pure,5629,392,0.195688650012016
no-MAD-pure,5629,393,0.190290078520775
no-MAD-pure,5629,394,0.193944677710533
no-MAD-pure,5629,395,0.190189406275749
no-MAD-pure,5629,396,0.196560502052307
no-MAD-pure,5629,397,0.191750273108482
no-MAD-pure,5629,398,0.200178205966949
no-MAD-pure,5629,399,0.189773634076118
no-MAD-pure,5629,400,0.189772337675095
