variant,seed,round,graph_grad_norm
Full,3407,1,4.13668441772461
Full,3407,2,3.37319350242615
Full,3407,3,4.22180557250977
Full,3407,4,3.47010254859924
Full,3407,5,4.14992332458496
Full,3407,6,3.84083652496338
Full,3407,7,4.48127698898315
Full,3407,8,4.61250162124634
Full,3407,9,4.98414278030396
Full,3407,10,5.08179044723511
Full,3407,11,5.09316873550415
Full,3407,12,4.84201240539551
Full,3407,13,3.82240414619446
Full,3407,14,3.78088760375977
Full,3407,15,5.07283401489258
Full,3407,16,4.76298046112061
Full,3407,17,4.96639442443848
Full,3407,18,4.79509878158569
Full,3407,19,5.79967832565308
Full,3407,20,5.90967893600464
Full,3407,21,5.48664951324463
Full,3407,22,4.95578765869141
Full,3407,23,4.99498462677002
Full,3407,24,6.48064374923706
Full,3407,25,5.24541473388672
Full,3407,26,5.31053066253662
Full,3407,27,5.60528898239136
Full,3407,28,5.54058837890625
Full,3407,29,5.0673131942749
Full,3407,30,6.42798662185669
Full,3407,31,6.82243680953979
Full,3407,32,5.8754186630249
Full,3407,33,6.64275312423706
Full,3407,34,7.84551811218262
Full,3407,35,6.65065670013428
Full,3407,36,7.79284858703613
Full,3407,37,6.48417186737061
Full,3407,38,7.10272979736328
Full,3407,39,6.72593450546265
Full,3407,40,7.1820240020752
Full,3407,41,7.05044317245483
Full,3407,42,7.25077342987061
Full,3407,43,6.80453157424927
Full,3407,44,7.28705406188965
Full,3407,45,8.95943069458008
Full,3407,46,7.86334133148193
Full,3407,47,7.82998752593994
Full,3407,48,10.1189384460449
Full,3407,49,7.87085580825806
Full,3407,50,8.58397674560547
Full,3407,51,8.73687267303467
Full,3407,52,10.0885534286499
Full,3407,53,11.701265335083
Full,3407,54,8.56861019134521
Full,3407,55,8.61085796356201
Full,3407,56,8.74338436126709
Full,3407,57,8.03453254699707
Full,3407,58,9.09377956390381
Full,3407,59,8.3261775970459
Full,3407,60,10.3243846893311
Full,3407,61,10.5764179229736
Full,3407,62,8.8450984954834
Full,3407,63,10.258828163147
Full,3407,64,10.067982673645
Full,3407,65,9.11032199859619
Full,3407,66,10.5236682891846
Full,3407,67,9.93253135681152
Full,3407,68,10.4284553527832
Full,3407,69,9.86639308929443
Full,3407,70,10.2776889801025
Full,3407,71,10.6667985916138
Full,3407,72,10.2281885147095
Full,3407,73,11.5628223419189
Full,3407,74,8.671142578125
Full,3407,75,10.8806495666504
Full,3407,76,10.8552360534668
Full,3407,77,11.4702577590942
Full,3407,78,12.1368646621704
Full,3407,79,9.63068008422852
Full,3407,80,10.46409034729
Full,3407,81,11.7053661346436
Full,3407,82,11.6588687896729
Full,3407,83,11.5872325897217
Full,3407,84,11.8346948623657
Full,3407,85,13.1866436004639
Full,3407,86,11.6738033294678
Full,3407,87,12.1115798950195
Full,3407,88,11.4387102127075
Full,3407,89,12.277024269104
Full,3407,90,13.1516914367676
Full,3407,91,12.9525127410889
Full,3407,92,11.7091693878174
Full,3407,93,12.9063720703125
Full,3407,94,12.6567506790161
Full,3407,95,10.8157272338867
Full,3407,96,12.7784185409546
Full,3407,97,11.2498779296875
Full,3407,98,13.1651277542114
Full,3407,99,11.6698274612427
Full,3407,100,10.1362037658691
Full,3407,101,11.1513862609863
Full,3407,102,13.0459766387939
Full,3407,103,10.1842708587646
Full,3407,104,10.8478384017944
Full,3407,105,10.9026041030884
Full,3407,106,11.5592069625854
Full,3407,107,12.3281784057617
Full,3407,108,11.796950340271
Full,3407,109,10.7906055450439
Full,3407,110,12.8994150161743
Full,3407,111,12.7901210784912
Full,3407,112,11.5418844223022
Full,3407,113,9.7217264175415
Full,3407,114,11.6408243179321
Full,3407,115,11.98974609375
Full,3407,116,11.655387878418
Full,3407,117,10.7649002075195
Full,3407,118,12.9979381561279
Full,3407,119,10.8324003219604
Full,3407,120,11.4547967910767
Full,3407,121,11.1280336380005
Full,3407,122,9.34371757507324
Full,3407,123,8.91337013244629
Full,3407,124,9.71465587615967
Full,3407,125,9.43266868591309
Full,3407,126,11.5657978057861
Full,3407,127,10.5931644439697
Full,3407,128,9.88793754577637
Full,3407,129,7.77703762054443
Full,3407,130,9.7265100479126
Full,3407,131,8.69370174407959
Full,3407,132,9.50300979614258
Full,3407,133,9.78465843200684
Full,3407,134,10.4942388534546
Full,3407,135,9.04270935058594
Full,3407,136,8.43059349060059
Full,3407,137,9.46397686004639
Full,3407,138,9.50916004180908
Full,3407,139,7.58571672439575
Full,3407,140,8.66712665557861
Full,3407,141,8.97181034088135
Full,3407,142,8.76963901519775
Full,3407,143,9.16680812835693
Full,3407,144,8.37848854064941
Full,3407,145,7.66834497451782
Full,3407,146,8.55545425415039
Full,3407,147,7.83628368377686
Full,3407,148,7.01737308502197
Full,3407,149,7.98521900177002
Full,3407,150,8.39733219146729
Full,3407,151,7.07803153991699
Full,3407,152,6.83978319168091
Full,3407,153,7.77644395828247
Full,3407,154,7.06628704071045
Full,3407,155,6.4355583190918
Full,3407,156,6.24816179275513
Full,3407,157,6.30010795593262
Full,3407,158,5.98021984100342
Full,3407,159,5.7894401550293
Full,3407,160,6.1160626411438
Full,3407,161,6.08947801589966
Full,3407,162,6.61177015304565
Full,3407,163,5.89324760437012
Full,3407,164,5.83643960952759
Full,3407,165,5.08800458908081
Full,3407,166,5.83234739303589
Full,3407,167,5.31967973709106
Full,3407,168,4.78103160858154
Full,3407,169,4.9897518157959
Full,3407,170,5.49795246124268
Full,3407,171,4.2571005821228
Full,3407,172,4.28240299224854
Full,3407,173,4.96400833129883
Full,3407,174,4.68120670318604
Full,3407,175,3.89116930961609
Full,3407,176,4.61290788650513
Full,3407,177,3.99643111228943
Full,3407,178,4.13734102249146
Full,3407,179,3.93095135688782
Full,3407,180,3.75583744049072
Full,3407,181,3.66065692901611
Full,3407,182,3.555100440979
Full,3407,183,3.72055840492249
Full,3407,184,3.23406219482422
Full,3407,185,3.08103108406067
Full,3407,186,3.15024781227112
Full,3407,187,3.22980165481567
Full,3407,188,3.4517195224762
Full,3407,189,2.73524260520935
Full,3407,190,3.27412891387939
Full,3407,191,3.13964915275574
Full,3407,192,3.10907006263733
Full,3407,193,2.65555882453918
Full,3407,194,2.77798938751221
Full,3407,195,2.50943756103516
Full,3407,196,2.08369088172913
Full,3407,197,2.67335796356201
Full,3407,198,2.63401746749878
Full,3407,199,2.2494945526123
Full,3407,200,2.55349111557007
Full,3407,201,1.89392304420471
Full,3407,202,2.32330942153931
Full,3407,203,1.87829279899597
Full,3407,204,2.06832122802734
Full,3407,205,1.65223896503448
Full,3407,206,1.70996069908142
Full,3407,207,2.05377912521362
Full,3407,208,1.74987983703613
Full,3407,209,1.78114235401154
Full,3407,210,1.79087054729462
Full,3407,211,1.69139909744263
Full,3407,212,1.71386539936066
Full,3407,213,1.41535830497742
Full,3407,214,1.40430271625519
Full,3407,215,1.37405896186829
Full,3407,216,1.47387778759003
Full,3407,217,1.27430379390717
Full,3407,218,1.42964673042297
Full,3407,219,1.14839625358582
Full,3407,220,1.16339957714081
Full,3407,221,1.16203713417053
Full,3407,222,1.11596417427063
Full,3407,223,0.996049404144287
Full,3407,224,1.03493976593018
Full,3407,225,1.12501955032349
Full,3407,226,1.07201111316681
Full,3407,227,1.00284361839294
Full,3407,228,0.967366516590118
Full,3407,229,0.859792590141296
Full,3407,230,0.780146896839142
Full,3407,231,0.888147056102753
Full,3407,232,0.766295313835144
Full,3407,233,0.762759447097778
Full,3407,234,0.721499264240265
Full,3407,235,0.695525407791138
Full,3407,236,0.662593841552734
Full,3407,237,0.64844161272049
Full,3407,238,0.730772435665131
Full,3407,239,0.65177059173584
Full,3407,240,0.566590785980225
Full,3407,241,0.57249790430069
Full,3407,242,0.563179194927216
Full,3407,243,0.540968775749207
Full,3407,244,0.60884952545166
Full,3407,245,0.51533830165863
Full,3407,246,0.473255276679993
Full,3407,247,0.45583376288414
Full,3407,248,0.457598030567169
Full,3407,249,0.467964828014374
Full,3407,250,0.472859233617783
Full,3407,251,0.534052014350891
Full,3407,252,0.471145570278168
Full,3407,253,0.476802945137024
Full,3407,254,0.359776049852371
Full,3407,255,0.394316405057907
Full,3407,256,0.330208659172058
Full,3407,257,0.326656311750412
Full,3407,258,0.316646933555603
Full,3407,259,0.275744140148163
Full,3407,260,0.304457128047943
Full,3407,261,0.271805644035339
Full,3407,262,0.309070527553558
Full,3407,263,0.282097458839417
Full,3407,264,0.327470481395721
Full,3407,265,0.258934885263443
Full,3407,266,0.239297568798065
Full,3407,267,0.206553861498833
Full,3407,268,0.190866217017174
Full,3407,269,0.251450031995773
Full,3407,270,0.219950318336487
Full,3407,271,0.217329621315002
Full,3407,272,0.196371674537659
Full,3407,273,0.186093464493752
Full,3407,274,0.167140200734138
Full,3407,275,0.191772192716599
Full,3407,276,0.164499789476395
Full,3407,277,0.158481940627098
Full,3407,278,0.181917488574982
Full,3407,279,0.153566211462021
Full,3407,280,0.135311976075172
Full,3407,281,0.138090446591377
Full,3407,282,0.163756564259529
Full,3407,283,0.128990709781647
Full,3407,284,0.127845108509064
Full,3407,285,0.104896180331707
Full,3407,286,0.115967571735382
Full,3407,287,0.114763163030148
Full,3407,288,0.10536665469408
Full,3407,289,0.123057343065739
Full,3407,290,0.0949358195066452
Full,3407,291,0.105368912220001
Full,3407,292,0.0988431498408318
Full,3407,293,0.0850911885499954
Full,3407,294,0.0872993692755699
Full,3407,295,0.0656718313694
Full,3407,296,0.089531421661377
Full,3407,297,0.0780487060546875
Full,3407,298,0.0689769238233566
Full,3407,299,0.0652019828557968
Full,3407,300,0.0702180564403534
Full,3407,301,0.0636174753308296
Full,3407,302,0.075390487909317
Full,3407,303,0.0562689490616322
Full,3407,304,0.0477974377572536
Full,3407,305,0.0881483480334282
Full,3407,306,0.0479983426630497
Full,3407,307,0.0546895787119865
Full,3407,308,0.0460048951208591
Full,3407,309,0.046039093285799
Full,3407,310,0.0637319758534431
Full,3407,311,0.044588889926672
Full,3407,312,0.0583221614360809
Full,3407,313,0.0388983488082886
Full,3407,314,0.0400801785290241
Full,3407,315,0.0411438457667828
Full,3407,316,0.0334301665425301
Full,3407,317,0.0258922073990107
Full,3407,318,0.0287152659147978
Full,3407,319,0.0261068623512983
Full,3407,320,0.0312380939722061
Full,3407,321,0.0259593203663826
Full,3407,322,0.0299170929938555
Full,3407,323,0.024822810664773
Full,3407,324,0.0268175825476646
Full,3407,325,0.0225537549704313
Full,3407,326,0.0219644512981176
Full,3407,327,0.020744426175952
Full,3407,328,0.0209741536527872
Full,3407,329,0.0211804583668709
Full,3407,330,0.0196357294917107
Full,3407,331,0.0197844058275223
Full,3407,332,0.0182296801358461
Full,3407,333,0.019752262160182
Full,3407,334,0.0210476964712143
Full,3407,335,0.0221756976097822
Full,3407,336,0.013885173946619
Full,3407,337,0.0155202718451619
Full,3407,338,0.0144298514351249
Full,3407,339,0.0134891830384731
Full,3407,340,0.0123046189546585
Full,3407,341,0.0123799340799451
Full,3407,342,0.0173712987452745
Full,3407,343,0.0112823322415352
Full,3407,344,0.00990467332303524
Full,3407,345,0.0090132849290967
Full,3407,346,0.010555143468082
Full,3407,347,0.00888516008853912
Full,3407,348,0.0111888712272048
Full,3407,349,0.0083125364035368
Full,3407,350,0.00659873243421316
Full,3407,351,0.00716961408033967
Full,3407,352,0.00616368930786848
Full,3407,353,0.00683932565152645
Full,3407,354,0.00600381288677454
Full,3407,355,0.00603267038241029
Full,3407,356,0.00651721190661192
Full,3407,357,0.00737811531871557
Full,3407,358,0.00541614927351475
Full,3407,359,0.0042275357991457
Full,3407,360,0.00500983372330666
Full,3407,361,0.00436480157077312
Full,3407,362,0.00398861151188612
Full,3407,363,0.00357500929385424
Full,3407,364,0.00468207197263837
Full,3407,365,0.0038905416149646
Full,3407,366,0.00410878146067262
Full,3407,367,0.00386861944571137
Full,3407,368,0.00351144466549158
Full,3407,369,0.00354931084439158
Full,3407,370,0.00314926775172353
Full,3407,371,0.00336328404955566
Full,3407,372,0.00331209995783865
Full,3407,373,0.00304322247393429
Full,3407,374,0.0028532724827528
Full,3407,375,0.00259819393977523
Full,3407,376,0.00221934053115547
Full,3407,377,0.00169562792871147
Full,3407,378,0.00203527952544391
Full,3407,379,0.00192514958325773
Full,3407,380,0.00147061888128519
Full,3407,381,0.00157624296844006
Full,3407,382,0.00157992809545249
Full,3407,383,0.00167092657648027
Full,3407,384,0.00138963025528938
Full,3407,385,0.0016139573417604
Full,3407,386,0.00157398951705545
Full,3407,387,0.00143596192356199
Full,3407,388,0.00154309091158211
Full,3407,389,0.0011446017306298
Full,3407,390,0.00144403870217502
Full,3407,391,0.00128232245333493
Full,3407,392,0.00147198652848601
Full,3407,393,0.00103643862530589
Full,3407,394,0.00106212520040572
Full,3407,395,0.00106174242682755
Full,3407,396,0.00105259788688272
Full,3407,397,0.000845137401483953
Full,3407,398,0.00108807499054819
Full,3407,399,0.000990947824902833
Full,3407,400,0.000888728594873101
Full,4518,1,2.61223411560059
Full,4518,2,2.85123085975647
Full,4518,3,2.69574356079102
Full,4518,4,2.63056945800781
Full,4518,5,2.69499135017395
Full,4518,6,2.53646230697632
Full,4518,7,3.12081050872803
Full,4518,8,2.97892832756042
Full,4518,9,3.07620978355408
Full,4518,10,2.92412090301514
Full,4518,11,2.76340079307556
Full,4518,12,2.77319765090942
Full,4518,13,3.20086550712585
Full,4518,14,3.58681344985962
Full,4518,15,3.4818651676178
Full,4518,16,3.14345026016235
Full,4518,17,3.0936291217804
Full,4518,18,4.01721143722534
Full,4518,19,2.91025495529175
Full,4518,20,3.55211043357849
Full,4518,21,4.42947053909302
Full,4518,22,3.94495224952698
Full,4518,23,3.63593053817749
Full,4518,24,5.51997804641724
Full,4518,25,4.11431121826172
Full,4518,26,4.72400283813477
Full,4518,27,4.72537136077881
Full,4518,28,4.67860698699951
Full,4518,29,4.41342639923096
Full,4518,30,4.28861570358276
Full,4518,31,4.29604864120483
Full,4518,32,4.80655002593994
Full,4518,33,5.70377731323242
Full,4518,34,5.51371240615845
Full,4518,35,5.41929912567139
Full,4518,36,5.07037019729614
Full,4518,37,5.1133017539978
Full,4518,38,5.61643743515015
Full,4518,39,6.75703144073486
Full,4518,40,5.7928409576416
Full,4518,41,6.01566791534424
Full,4518,42,6.0959587097168
Full,4518,43,5.61018037796021
Full,4518,44,7.00647163391113
Full,4518,45,4.94378852844238
Full,4518,46,7.53178024291992
Full,4518,47,6.93108797073364
Full,4518,48,6.03700065612793
Full,4518,49,8.08458232879639
Full,4518,50,6.88539552688599
Full,4518,51,8.09563636779785
Full,4518,52,6.235032081604
Full,4518,53,7.65735530853271
Full,4518,54,7.40976142883301
Full,4518,55,7.88088703155518
Full,4518,56,7.22965049743652
Full,4518,57,8.26967144012451
Full,4518,58,7.66614866256714
Full,4518,59,8.99685859680176
Full,4518,60,7.62342548370361
Full,4518,61,8.16303634643555
Full,4518,62,9.17575931549072
Full,4518,63,9.20869731903076
Full,4518,64,8.70632457733154
Full,4518,65,10.6245679855347
Full,4518,66,10.0618438720703
Full,4518,67,9.74763011932373
Full,4518,68,9.51902484893799
Full,4518,69,8.08389949798584
Full,4518,70,9.38468933105469
Full,4518,71,8.57130146026611
Full,4518,72,11.0049886703491
Full,4518,73,9.42393589019775
Full,4518,74,9.68125915527344
Full,4518,75,9.68797969818115
Full,4518,76,9.67783641815186
Full,4518,77,9.37106990814209
Full,4518,78,8.96029567718506
Full,4518,79,11.2849168777466
Full,4518,80,10.4549341201782
Full,4518,81,11.4395895004272
Full,4518,82,11.7242431640625
Full,4518,83,11.1410026550293
Full,4518,84,11.6181859970093
Full,4518,85,11.055944442749
Full,4518,86,13.0547962188721
Full,4518,87,13.8113527297974
Full,4518,88,9.87906742095947
Full,4518,89,12.1282911300659
Full,4518,90,10.8584403991699
Full,4518,91,11.4697599411011
Full,4518,92,10.3769903182983
Full,4518,93,12.9183616638184
Full,4518,94,12.0555467605591
Full,4518,95,12.3196201324463
Full,4518,96,12.5554552078247
Full,4518,97,12.2314395904541
Full,4518,98,14.2168684005737
Full,4518,99,11.3859510421753
Full,4518,100,12.2067584991455
Full,4518,101,10.7852563858032
Full,4518,102,13.6608419418335
Full,4518,103,12.5553388595581
Full,4518,104,12.0350914001465
Full,4518,105,11.9157752990723
Full,4518,106,12.533576965332
Full,4518,107,12.078197479248
Full,4518,108,12.8474235534668
Full,4518,109,12.9644432067871
Full,4518,110,14.0856199264526
Full,4518,111,11.4540672302246
Full,4518,112,13.9713125228882
Full,4518,113,12.3274774551392
Full,4518,114,10.2824754714966
Full,4518,115,12.6241703033447
Full,4518,116,12.5018196105957
Full,4518,117,14.2343378067017
Full,4518,118,13.1425342559814
Full,4518,119,12.3177909851074
Full,4518,120,11.9295721054077
Full,4518,121,12.4049434661865
Full,4518,122,12.8562641143799
Full,4518,123,12.085729598999
Full,4518,124,12.3036766052246
Full,4518,125,12.4125289916992
Full,4518,126,10.9268817901611
Full,4518,127,13.0851411819458
Full,4518,128,9.85557270050049
Full,4518,129,11.6161737442017
Full,4518,130,10.7273559570312
Full,4518,131,11.9689540863037
Full,4518,132,12.1915340423584
Full,4518,133,11.5389137268066
Full,4518,134,11.768162727356
Full,4518,135,11.9830865859985
Full,4518,136,10.8564739227295
Full,4518,137,9.51171016693115
Full,4518,138,11.514573097229
Full,4518,139,8.10119247436523
Full,4518,140,9.32941913604736
Full,4518,141,10.7467479705811
Full,4518,142,9.86922359466553
Full,4518,143,9.49781131744385
Full,4518,144,10.1735467910767
Full,4518,145,9.47843170166016
Full,4518,146,11.4231796264648
Full,4518,147,9.37509346008301
Full,4518,148,9.09923648834229
Full,4518,149,9.494384765625
Full,4518,150,8.78620338439941
Full,4518,151,8.64749717712402
Full,4518,152,9.34474182128906
Full,4518,153,8.22330379486084
Full,4518,154,8.6668004989624
Full,4518,155,8.00115203857422
Full,4518,156,9.54750919342041
Full,4518,157,7.64857625961304
Full,4518,158,8.2963809967041
Full,4518,159,9.15842628479004
Full,4518,160,7.42032670974731
Full,4518,161,8.71312427520752
Full,4518,162,8.45750045776367
Full,4518,163,7.70025777816772
Full,4518,164,7.24724054336548
Full,4518,165,7.13619947433472
Full,4518,166,7.80890607833862
Full,4518,167,6.00299310684204
Full,4518,168,6.6543493270874
Full,4518,169,7.26772546768188
Full,4518,170,7.09295177459717
Full,4518,171,6.24901103973389
Full,4518,172,7.21763038635254
Full,4518,173,6.45561981201172
Full,4518,174,5.19305849075317
Full,4518,175,5.77650499343872
Full,4518,176,5.12612676620483
Full,4518,177,5.97834157943726
Full,4518,178,6.46311330795288
Full,4518,179,5.47985649108887
Full,4518,180,5.60581493377686
Full,4518,181,5.17849063873291
Full,4518,182,5.1722993850708
Full,4518,183,4.56654071807861
Full,4518,184,4.27146577835083
Full,4518,185,4.565589427948
Full,4518,186,4.74815464019775
Full,4518,187,4.18270063400269
Full,4518,188,4.17596673965454
Full,4518,189,4.09154939651489
Full,4518,190,4.11591768264771
Full,4518,191,4.20397853851318
Full,4518,192,3.61808681488037
Full,4518,193,3.76567196846008
Full,4518,194,4.25086116790771
Full,4518,195,3.93163657188416
Full,4518,196,3.64173221588135
Full,4518,197,3.4335663318634
Full,4518,198,3.64211106300354
Full,4518,199,3.17558360099792
Full,4518,200,3.03617000579834
Full,4518,201,3.52308678627014
Full,4518,202,2.87796950340271
Full,4518,203,2.84630489349365
Full,4518,204,2.64098501205444
Full,4518,205,3.00763702392578
Full,4518,206,2.82686352729797
Full,4518,207,2.68176174163818
Full,4518,208,2.41583704948425
Full,4518,209,2.53715562820435
Full,4518,210,2.3151707649231
Full,4518,211,2.76013588905334
Full,4518,212,3.01361680030823
Full,4518,213,2.12147808074951
Full,4518,214,2.01679348945618
Full,4518,215,1.86892068386078
Full,4518,216,1.95109736919403
Full,4518,217,2.10486745834351
Full,4518,218,2.28437542915344
Full,4518,219,1.92490911483765
Full,4518,220,1.93108117580414
Full,4518,221,1.83710396289825
Full,4518,222,1.63499355316162
Full,4518,223,1.53776335716248
Full,4518,224,1.40456700325012
Full,4518,225,1.48197662830353
Full,4518,226,1.58482158184052
Full,4518,227,1.62790191173553
Full,4518,228,1.29605686664581
Full,4518,229,1.28381037712097
Full,4518,230,1.28781008720398
Full,4518,231,1.11201012134552
Full,4518,232,1.20419204235077
Full,4518,233,1.13438200950623
Full,4518,234,1.18669581413269
Full,4518,235,1.03005826473236
Full,4518,236,1.01472675800323
Full,4518,237,1.03984248638153
Full,4518,238,1.03055655956268
Full,4518,239,0.788539290428162
Full,4518,240,0.909425318241119
Full,4518,241,0.871464490890503
Full,4518,242,0.895513951778412
Full,4518,243,0.832932591438293
Full,4518,244,0.744670391082764
Full,4518,245,0.739981055259705
Full,4518,246,0.753495037555695
Full,4518,247,0.952083945274353
Full,4518,248,0.71690571308136
Full,4518,249,0.73225998878479
Full,4518,250,0.625149726867676
Full,4518,251,0.549477517604828
Full,4518,252,0.696544766426086
Full,4518,253,0.598735630512238
Full,4518,254,0.544187605381012
Full,4518,255,0.487382143735886
Full,4518,256,0.557013630867004
Full,4518,257,0.508045077323914
Full,4518,258,0.47784885764122
Full,4518,259,0.455814957618713
Full,4518,260,0.44527941942215
Full,4518,261,0.385075598955154
Full,4518,262,0.392047137022018
Full,4518,263,0.439134478569031
Full,4518,264,0.408711403608322
Full,4518,265,0.356600373983383
Full,4518,266,0.366875320672989
Full,4518,267,0.309916466474533
Full,4518,268,0.326627969741821
Full,4518,269,0.35420835018158
Full,4518,270,0.377461731433868
Full,4518,271,0.307950913906097
Full,4518,272,0.281626224517822
Full,4518,273,0.264785766601562
Full,4518,274,0.265871524810791
Full,4518,275,0.261057883501053
Full,4518,276,0.219938665628433
Full,4518,277,0.258086681365967
Full,4518,278,0.21223857998848
Full,4518,279,0.221117675304413
Full,4518,280,0.199240311980247
Full,4518,281,0.226749464869499
Full,4518,282,0.201222106814384
Full,4518,283,0.191156312823296
Full,4518,284,0.178717404603958
Full,4518,285,0.206632182002068
Full,4518,286,0.131940633058548
Full,4518,287,0.129689902067184
Full,4518,288,0.132741987705231
Full,4518,289,0.142966598272324
Full,4518,290,0.135716438293457
Full,4518,291,0.129876598715782
Full,4518,292,0.113837644457817
Full,4518,293,0.134002819657326
Full,4518,294,0.122195273637772
Full,4518,295,0.122964851558208
Full,4518,296,0.109328672289848
Full,4518,297,0.108717799186707
Full,4518,298,0.0933362022042274
Full,4518,299,0.084861695766449
Full,4518,300,0.0994271263480186
Full,4518,301,0.0841318592429161
Full,4518,302,0.0831000730395317
Full,4518,303,0.0759065374732018
Full,4518,304,0.0921551063656807
Full,4518,305,0.0751172006130219
Full,4518,306,0.0657542496919632
Full,4518,307,0.0740422308444977
Full,4518,308,0.0646943897008896
Full,4518,309,0.0648917183279991
Full,4518,310,0.0541134923696518
Full,4518,311,0.0561987273395061
Full,4518,312,0.0488122925162315
Full,4518,313,0.0506051816046238
Full,4518,314,0.0479554310441017
Full,4518,315,0.0403377264738083
Full,4518,316,0.0520996488630772
Full,4518,317,0.0471244975924492
Full,4518,318,0.0494313612580299
Full,4518,319,0.0446716248989105
Full,4518,320,0.0413563214242458
Full,4518,321,0.0407088361680508
Full,4518,322,0.0448196120560169
Full,4518,323,0.0339446701109409
Full,4518,324,0.0335392355918884
Full,4518,325,0.0344077385962009
Full,4518,326,0.0340118631720543
Full,4518,327,0.0267891269177198
Full,4518,328,0.0277685821056366
Full,4518,329,0.0258002206683159
Full,4518,330,0.0260825827717781
Full,4518,331,0.0261566378176212
Full,4518,332,0.0261000636965036
Full,4518,333,0.0276165679097176
Full,4518,334,0.0224683899432421
Full,4518,335,0.0250590164214373
Full,4518,336,0.0186848435550928
Full,4518,337,0.0164363849908113
Full,4518,338,0.0202506631612778
Full,4518,339,0.0165499243885279
Full,4518,340,0.0165561381727457
Full,4518,341,0.0146686304360628
Full,4518,342,0.0150761650875211
Full,4518,343,0.0142334140837193
Full,4518,344,0.0151120070368052
Full,4518,345,0.0114185540005565
Full,4518,346,0.0119631541892886
Full,4518,347,0.0118591105565429
Full,4518,348,0.0151296416297555
Full,4518,349,0.0121438838541508
Full,4518,350,0.0128394085913897
Full,4518,351,0.0108956061303616
Full,4518,352,0.00926556345075369
Full,4518,353,0.00768091855570674
Full,4518,354,0.00854176748543978
Full,4518,355,0.00802194140851498
Full,4518,356,0.00893620308488607
Full,4518,357,0.00842425879091024
Full,4518,358,0.00682546989992261
Full,4518,359,0.00676833651959896
Full,4518,360,0.0077385064214468
Full,4518,361,0.00600024545565248
Full,4518,362,0.00617221463471651
Full,4518,363,0.00607932079583406
Full,4518,364,0.00584000581875443
Full,4518,365,0.00599350593984127
Full,4518,366,0.00510873598977923
Full,4518,367,0.00511800590902567
Full,4518,368,0.00434968573972583
Full,4518,369,0.00626305630430579
Full,4518,370,0.00396763999015093
Full,4518,371,0.00383031833916903
Full,4518,372,0.00431874813511968
Full,4518,373,0.00455241603776813
Full,4518,374,0.00374281872063875
Full,4518,375,0.00419554347172379
Full,4518,376,0.00433598551899195
Full,4518,377,0.00238799722865224
Full,4518,378,0.00274143577553332
Full,4518,379,0.00421348074451089
Full,4518,380,0.00265530124306679
Full,4518,381,0.00300031388178468
Full,4518,382,0.00230193138122559
Full,4518,383,0.00227013812400401
Full,4518,384,0.00217274203896523
Full,4518,385,0.00234573101624846
Full,4518,386,0.00202152295969427
Full,4518,387,0.00196732068434358
Full,4518,388,0.00209637125954032
Full,4518,389,0.00182993721682578
Full,4518,390,0.00175102148205042
Full,4518,391,0.00242870696820319
Full,4518,392,0.0015520250890404
Full,4518,393,0.00134629558306187
Full,4518,394,0.00186539767310023
Full,4518,395,0.00144531519617885
Full,4518,396,0.00111471291165799
Full,4518,397,0.00143218971788883
Full,4518,398,0.00113340327516198
Full,4518,399,0.00107720284722745
Full,4518,400,0.000981435528956354
Full,5629,1,2.73920726776123
Full,5629,2,3.08752775192261
Full,5629,3,2.69350385665894
Full,5629,4,2.8477566242218
Full,5629,5,2.55184841156006
Full,5629,6,3.27848052978516
Full,5629,7,3.1899790763855
Full,5629,8,2.81798601150513
Full,5629,9,3.39076280593872
Full,5629,10,2.91804766654968
Full,5629,11,2.73309421539307
Full,5629,12,2.71771264076233
Full,5629,13,3.0486159324646
Full,5629,14,3.34753918647766
Full,5629,15,3.01605653762817
Full,5629,16,2.85670495033264
Full,5629,17,3.42379236221313
Full,5629,18,3.35253977775574
Full,5629,19,3.34463953971863
Full,5629,20,3.7924120426178
Full,5629,21,3.195885181427
Full,5629,22,3.34046840667725
Full,5629,23,3.710608959198
Full,5629,24,3.44944429397583
Full,5629,25,3.70363545417786
Full,5629,26,3.62980127334595
Full,5629,27,3.98485040664673
Full,5629,28,3.43723106384277
Full,5629,29,4.03468036651611
Full,5629,30,4.74121522903442
Full,5629,31,4.00766181945801
Full,5629,32,4.3126106262207
Full,5629,33,4.4770655632019
Full,5629,34,5.29332733154297
Full,5629,35,4.6825704574585
Full,5629,36,4.75836753845215
Full,5629,37,4.35849285125732
Full,5629,38,4.25847864151001
Full,5629,39,5.32387495040894
Full,5629,40,4.04497385025024
Full,5629,41,4.62924575805664
Full,5629,42,5.27587795257568
Full,5629,43,5.91652154922485
Full,5629,44,6.58295488357544
Full,5629,45,6.20738506317139
Full,5629,46,5.96666574478149
Full,5629,47,5.56251096725464
Full,5629,48,5.17077589035034
Full,5629,49,6.56330728530884
Full,5629,50,6.3619122505188
Full,5629,51,6.20732831954956
Full,5629,52,6.48187351226807
Full,5629,53,6.90613698959351
Full,5629,54,6.91513299942017
Full,5629,55,8.10634136199951
Full,5629,56,7.22345447540283
Full,5629,57,6.48621511459351
Full,5629,58,7.88556003570557
Full,5629,59,7.21137952804565
Full,5629,60,7.05577087402344
Full,5629,61,7.440260887146
Full,5629,62,8.02927494049072
Full,5629,63,7.59633779525757
Full,5629,64,8.7999324798584
Full,5629,65,8.06482791900635
Full,5629,66,8.21031379699707
Full,5629,67,8.57117462158203
Full,5629,68,7.39080762863159
Full,5629,69,8.26536273956299
Full,5629,70,8.27968978881836
Full,5629,71,9.90110015869141
Full,5629,72,8.48649501800537
Full,5629,73,8.01033210754395
Full,5629,74,10.7401170730591
Full,5629,75,9.8497314453125
Full,5629,76,9.38258647918701
Full,5629,77,9.00168323516846
Full,5629,78,8.75602149963379
Full,5629,79,9.71797752380371
Full,5629,80,9.46773815155029
Full,5629,81,8.68221378326416
Full,5629,82,9.99941539764404
Full,5629,83,11.4118146896362
Full,5629,84,10.341893196106
Full,5629,85,10.0817251205444
Full,5629,86,10.8444452285767
Full,5629,87,10.1015501022339
Full,5629,88,11.2567005157471
Full,5629,89,9.94977951049805
Full,5629,90,11.4124336242676
Full,5629,91,11.1571950912476
Full,5629,92,10.4917182922363
Full,5629,93,10.6848630905151
Full,5629,94,11.0471830368042
Full,5629,95,10.8661851882935
Full,5629,96,11.542368888855
Full,5629,97,11.2467422485352
Full,5629,98,11.1768159866333
Full,5629,99,12.1281757354736
Full,5629,100,12.7442455291748
Full,5629,101,11.3861637115479
Full,5629,102,9.23389148712158
Full,5629,103,12.2335166931152
Full,5629,104,11.1443433761597
Full,5629,105,12.0233602523804
Full,5629,106,11.1094789505005
Full,5629,107,11.7003145217896
Full,5629,108,10.5875205993652
Full,5629,109,11.5946636199951
Full,5629,110,11.9725456237793
Full,5629,111,10.7475147247314
Full,5629,112,12.3813829421997
Full,5629,113,9.73162078857422
Full,5629,114,10.6275758743286
Full,5629,115,11.9307832717896
Full,5629,116,9.99179649353027
Full,5629,117,11.019926071167
Full,5629,118,11.2342472076416
Full,5629,119,9.91857528686523
Full,5629,120,11.4475145339966
Full,5629,121,11.4601106643677
Full,5629,122,9.98349571228027
Full,5629,123,10.4254274368286
Full,5629,124,10.580810546875
Full,5629,125,11.1830749511719
Full,5629,126,10.722146987915
Full,5629,127,10.40891456604
Full,5629,128,10.9011535644531
Full,5629,129,11.4293174743652
Full,5629,130,10.874963760376
Full,5629,131,10.7415266036987
Full,5629,132,10.4573907852173
Full,5629,133,10.5995597839355
Full,5629,134,10.7904491424561
Full,5629,135,11.5525856018066
Full,5629,136,9.50660705566406
Full,5629,137,10.3555641174316
Full,5629,138,10.3065967559814
Full,5629,139,9.064284324646
Full,5629,140,11.2197732925415
Full,5629,141,9.76995754241943
Full,5629,142,8.48362731933594
Full,5629,143,10.6776027679443
Full,5629,144,8.60424137115479
Full,5629,145,8.49227714538574
Full,5629,146,8.28396701812744
Full,5629,147,8.33895587921143
Full,5629,148,8.7178897857666
Full,5629,149,8.17215156555176
Full,5629,150,7.46507787704468
Full,5629,151,8.76600551605225
Full,5629,152,8.1680850982666
Full,5629,153,7.70938110351562
Full,5629,154,7.83575677871704
Full,5629,155,7.7462854385376
Full,5629,156,7.17949485778809
Full,5629,157,7.95096063613892
Full,5629,158,6.91540098190308
Full,5629,159,7.7070746421814
Full,5629,160,6.99259901046753
Full,5629,161,6.20264768600464
Full,5629,162,6.23968744277954
Full,5629,163,7.42332124710083
Full,5629,164,5.77872228622437
Full,5629,165,6.85544633865356
Full,5629,166,5.45771169662476
Full,5629,167,5.36557865142822
Full,5629,168,6.17402935028076
Full,5629,169,5.73548889160156
Full,5629,170,5.69602346420288
Full,5629,171,5.37727355957031
Full,5629,172,6.26692867279053
Full,5629,173,5.71559429168701
Full,5629,174,4.69086694717407
Full,5629,175,5.45100975036621
Full,5629,176,4.9966926574707
Full,5629,177,4.70350408554077
Full,5629,178,4.13770627975464
Full,5629,179,4.67779493331909
Full,5629,180,4.16892528533936
Full,5629,181,5.0431113243103
Full,5629,182,5.75955963134766
Full,5629,183,4.52552843093872
Full,5629,184,3.93840384483337
Full,5629,185,4.00874090194702
Full,5629,186,3.55997157096863
Full,5629,187,3.57708215713501
Full,5629,188,4.17906093597412
Full,5629,189,3.9307713508606
Full,5629,190,3.58663296699524
Full,5629,191,4.15270805358887
Full,5629,192,4.1292552947998
Full,5629,193,3.38898229598999
Full,5629,194,3.16932725906372
Full,5629,195,3.48874640464783
Full,5629,196,2.85517930984497
Full,5629,197,2.58793616294861
Full,5629,198,2.5703592300415
Full,5629,199,2.59974074363708
Full,5629,200,2.75546860694885
Full,5629,201,2.38627958297729
Full,5629,202,2.63824033737183
Full,5629,203,2.50985836982727
Full,5629,204,2.57419228553772
Full,5629,205,2.43552851676941
Full,5629,206,2.26608753204346
Full,5629,207,1.98845458030701
Full,5629,208,2.12100887298584
Full,5629,209,2.2887966632843
Full,5629,210,1.90421712398529
Full,5629,211,1.79347968101501
Full,5629,212,2.12476277351379
Full,5629,213,1.78851628303528
Full,5629,214,1.77258110046387
Full,5629,215,1.82632994651794
Full,5629,216,1.72052645683289
Full,5629,217,1.59205806255341
Full,5629,218,1.68281042575836
Full,5629,219,1.51488244533539
Full,5629,220,1.55744588375092
Full,5629,221,1.6343549489975
Full,5629,222,1.45138871669769
Full,5629,223,1.27031326293945
Full,5629,224,1.32632732391357
Full,5629,225,1.32615482807159
Full,5629,226,1.24925792217255
Full,5629,227,1.23624658584595
Full,5629,228,1.10763311386108
Full,5629,229,1.16164898872375
Full,5629,230,1.03265392780304
Full,5629,231,1.12445962429047
Full,5629,232,0.977939426898956
Full,5629,233,1.02141273021698
Full,5629,234,0.903058767318726
Full,5629,235,0.856330871582031
Full,5629,236,0.840807914733887
Full,5629,237,0.918266832828522
Full,5629,238,0.802753567695618
Full,5629,239,0.841421127319336
Full,5629,240,0.731365919113159
Full,5629,241,0.7212735414505
Full,5629,242,0.57536906003952
Full,5629,243,0.695533752441406
Full,5629,244,0.567028284072876
Full,5629,245,0.657837629318237
Full,5629,246,0.665975689888
Full,5629,247,0.619034826755524
Full,5629,248,0.67751669883728
Full,5629,249,0.568022608757019
Full,5629,250,0.538862764835358
Full,5629,251,0.513753175735474
Full,5629,252,0.515694856643677
Full,5629,253,0.489850759506226
Full,5629,254,0.424820601940155
Full,5629,255,0.471082448959351
Full,5629,256,0.436811864376068
Full,5629,257,0.381130009889603
Full,5629,258,0.413487136363983
Full,5629,259,0.370727688074112
Full,5629,260,0.364115923643112
Full,5629,261,0.298179119825363
Full,5629,262,0.293981969356537
Full,5629,263,0.331312417984009
Full,5629,264,0.287005126476288
Full,5629,265,0.332050353288651
Full,5629,266,0.276752948760986
Full,5629,267,0.272509336471558
Full,5629,268,0.287328571081161
Full,5629,269,0.233456939458847
Full,5629,270,0.274958878755569
Full,5629,271,0.269323855638504
Full,5629,272,0.230843976140022
Full,5629,273,0.223152175545692
Full,5629,274,0.207212150096893
Full,5629,275,0.219317734241486
Full,5629,276,0.19590850174427
Full,5629,277,0.167786180973053
Full,5629,278,0.191713660955429
Full,5629,279,0.190666124224663
Full,5629,280,0.179404124617577
Full,5629,281,0.182702511548996
Full,5629,282,0.169042155146599
Full,5629,283,0.151668861508369
Full,5629,284,0.163423970341682
Full,5629,285,0.138330549001694
Full,5629,286,0.138682469725609
Full,5629,287,0.126163437962532
Full,5629,288,0.127594202756882
Full,5629,289,0.133273988962173
Full,5629,290,0.10246042907238
Full,5629,291,0.127453714609146
Full,5629,292,0.110019870102406
Full,5629,293,0.125903189182281
Full,5629,294,0.123015977442265
Full,5629,295,0.0978109166026115
Full,5629,296,0.113340437412262
Full,5629,297,0.0859310403466225
Full,5629,298,0.0819950476288795
Full,5629,299,0.0829951167106628
Full,5629,300,0.0673492327332497
Full,5629,301,0.0678161904215813
Full,5629,302,0.0671808570623398
Full,5629,303,0.0659084394574165
Full,5629,304,0.0652764961123466
Full,5629,305,0.0761333033442497
Full,5629,306,0.0535998791456223
Full,5629,307,0.0581551752984524
Full,5629,308,0.0497131943702698
Full,5629,309,0.051248200237751
Full,5629,310,0.0457871146500111
Full,5629,311,0.0539474152028561
Full,5629,312,0.0407887995243073
Full,5629,313,0.0628861114382744
Full,5629,314,0.0428300648927689
Full,5629,315,0.0386230982840061
Full,5629,316,0.0442145690321922
Full,5629,317,0.0357872918248177
Full,5629,318,0.0355824083089828
Full,5629,319,0.0359353460371494
Full,5629,320,0.0331707037985325
Full,5629,321,0.0408364050090313
Full,5629,322,0.0279092416167259
Full,5629,323,0.0275145638734102
Full,5629,324,0.0344098210334778
Full,5629,325,0.0241099670529366
Full,5629,326,0.0235088020563126
Full,5629,327,0.0241365376859903
Full,5629,328,0.0213223975151777
Full,5629,329,0.0254032090306282
Full,5629,330,0.026084104552865
Full,5629,331,0.0205687507987022
Full,5629,332,0.0216311886906624
Full,5629,333,0.0208697058260441
Full,5629,334,0.0182134713977575
Full,5629,335,0.0193941723555326
Full,5629,336,0.0169139020144939
Full,5629,337,0.0140161355957389
Full,5629,338,0.0144690619781613
Full,5629,339,0.0147628635168076
Full,5629,340,0.0123013285920024
Full,5629,341,0.0143548874184489
Full,5629,342,0.0143958050757647
Full,5629,343,0.012032687664032
Full,5629,344,0.0114379106089473
Full,5629,345,0.0133461067453027
Full,5629,346,0.0109423696994781
Full,5629,347,0.0103123262524605
Full,5629,348,0.00798066146671772
Full,5629,349,0.00848959293216467
Full,5629,350,0.00829854886978865
Full,5629,351,0.00882619433104992
Full,5629,352,0.00740357395261526
Full,5629,353,0.00785184558480978
Full,5629,354,0.0071520353667438
Full,5629,355,0.0061565088108182
Full,5629,356,0.00624807504937053
Full,5629,357,0.00657982844859362
Full,5629,358,0.00658130273222923
Full,5629,359,0.00641651824116707
Full,5629,360,0.00568364281207323
Full,5629,361,0.00659733777865767
Full,5629,362,0.00574227282777429
Full,5629,363,0.00737937586382031
Full,5629,364,0.00504140136763453
Full,5629,365,0.003822838421911
Full,5629,366,0.0041201738640666
Full,5629,367,0.00363754923455417
Full,5629,368,0.00354965380392969
Full,5629,369,0.00345689710229635
Full,5629,370,0.00434772856533527
Full,5629,371,0.00372576806694269
Full,5629,372,0.00345293618738651
Full,5629,373,0.0034417393617332
Full,5629,374,0.00262870290316641
Full,5629,375,0.00276315631344914
Full,5629,376,0.0023976000957191
Full,5629,377,0.00248931627720594
Full,5629,378,0.00203656870871782
Full,5629,379,0.00275723659433424
Full,5629,380,0.0023071551695466
Full,5629,381,0.00213048281148076
Full,5629,382,0.00221836403943598
Full,5629,383,0.00200081476941705
Full,5629,384,0.00212563993409276
Full,5629,385,0.00204566493630409
Full,5629,386,0.00186243839561939
Full,5629,387,0.0017014155164361
Full,5629,388,0.00154327717609704
Full,5629,389,0.00154956174083054
Full,5629,390,0.00162926514167339
Full,5629,391,0.00120269833132625
Full,5629,392,0.00117519684135914
Full,5629,393,0.00106525328010321
Full,5629,394,0.00128193967975676
Full,5629,395,0.00133284088224173
Full,5629,396,0.00100679916795343
Full,5629,397,0.00100748718250543
Full,5629,398,0.000890149269253016
Full,5629,399,0.00108396681025624
Full,5629,400,0.000946007668972015
no-MAD-pure,3407,1,7.75968456268311
no-MAD-pure,3407,2,5.44228219985962
no-MAD-pure,3407,3,7.14894485473633
no-MAD-pure,3407,4,7.52067613601685
no-MAD-pure,3407,5,8.72501182556152
no-MAD-pure,3407,6,6.9799485206604
no-MAD-pure,3407,7,6.73858022689819
no-MAD-pure,3407,8,7.81947469711304
no-MAD-pure,3407,9,6.99022436141968
no-MAD-pure,3407,10,8.51755237579346
no-MAD-pure,3407,11,6.99610233306885
no-MAD-pure,3407,12,8.4326000213623
no-MAD-pure,3407,13,7.18807125091553
no-MAD-pure,3407,14,8.0731258392334
no-MAD-pure,3407,15,9.17807388305664
no-MAD-pure,3407,16,8.48214149475098
no-MAD-pure,3407,17,8.52923774719238
no-MAD-pure,3407,18,9.95901298522949
no-MAD-pure,3407,19,9.01012325286865
no-MAD-pure,3407,20,10.1637878417969
no-MAD-pure,3407,21,8.46660614013672
no-MAD-pure,3407,22,9.70876979827881
no-MAD-pure,3407,23,10.6243028640747
no-MAD-pure,3407,24,11.6957845687866
no-MAD-pure,3407,25,11.3074617385864
no-MAD-pure,3407,26,11.436671257019
no-MAD-pure,3407,27,11.3390274047852
no-MAD-pure,3407,28,11.403284072876
no-MAD-pure,3407,29,12.53098487854
no-MAD-pure,3407,30,12.0918483734131
no-MAD-pure,3407,31,13.3952007293701
no-MAD-pure,3407,32,13.2284545898438
no-MAD-pure,3407,33,13.3282346725464
no-MAD-pure,3407,34,14.5627126693726
no-MAD-pure,3407,35,12.6927757263184
no-MAD-pure,3407,36,15.3361835479736
no-MAD-pure,3407,37,14.3609094619751
no-MAD-pure,3407,38,14.3133153915405
no-MAD-pure,3407,39,14.4732341766357
no-MAD-pure,3407,40,17.2606315612793
no-MAD-pure,3407,41,16.4274806976318
no-MAD-pure,3407,42,16.1083946228027
no-MAD-pure,3407,43,17.3755016326904
no-MAD-pure,3407,44,14.624547958374
no-MAD-pure,3407,45,18.6487979888916
no-MAD-pure,3407,46,18.691686630249
no-MAD-pure,3407,47,17.1347675323486
no-MAD-pure,3407,48,19.0073680877686
no-MAD-pure,3407,49,18.4511451721191
no-MAD-pure,3407,50,20.1534938812256
no-MAD-pure,3407,51,19.7611026763916
no-MAD-pure,3407,52,20.0316333770752
no-MAD-pure,3407,53,19.4784965515137
no-MAD-pure,3407,54,18.9409217834473
no-MAD-pure,3407,55,22.4541606903076
no-MAD-pure,3407,56,23.2889842987061
no-MAD-pure,3407,57,23.5192604064941
no-MAD-pure,3407,58,19.0435104370117
no-MAD-pure,3407,59,23.1232166290283
no-MAD-pure,3407,60,23.4779853820801
no-MAD-pure,3407,61,22.8775100708008
no-MAD-pure,3407,62,27.3187389373779
no-MAD-pure,3407,63,24.4666500091553
no-MAD-pure,3407,64,24.061954498291
no-MAD-pure,3407,65,23.9425945281982
no-MAD-pure,3407,66,21.7202491760254
no-MAD-pure,3407,67,29.3168926239014
no-MAD-pure,3407,68,25.4403667449951
no-MAD-pure,3407,69,23.4353179931641
no-MAD-pure,3407,70,29.5095081329346
no-MAD-pure,3407,71,27.7276039123535
no-MAD-pure,3407,72,24.0542278289795
no-MAD-pure,3407,73,27.4089469909668
no-MAD-pure,3407,74,24.3116760253906
no-MAD-pure,3407,75,28.3455753326416
no-MAD-pure,3407,76,25.0002021789551
no-MAD-pure,3407,77,27.6427993774414
no-MAD-pure,3407,78,31.8319568634033
no-MAD-pure,3407,79,27.8547840118408
no-MAD-pure,3407,80,26.1159858703613
no-MAD-pure,3407,81,27.326135635376
no-MAD-pure,3407,82,25.9412174224854
no-MAD-pure,3407,83,30.7995471954346
no-MAD-pure,3407,84,32.1150588989258
no-MAD-pure,3407,85,31.4911594390869
no-MAD-pure,3407,86,30.0077934265137
no-MAD-pure,3407,87,29.0677528381348
no-MAD-pure,3407,88,33.4341125488281
no-MAD-pure,3407,89,35.9386787414551
no-MAD-pure,3407,90,31.7280521392822
no-MAD-pure,3407,91,35.5921859741211
no-MAD-pure,3407,92,30.6478157043457
no-MAD-pure,3407,93,28.9844284057617
no-MAD-pure,3407,94,30.8388576507568
no-MAD-pure,3407,95,28.0314331054688
no-MAD-pure,3407,96,29.8015193939209
no-MAD-pure,3407,97,37.7961235046387
no-MAD-pure,3407,98,31.8788185119629
no-MAD-pure,3407,99,35.8187828063965
no-MAD-pure,3407,100,30.6841049194336
no-MAD-pure,3407,101,31.8590888977051
no-MAD-pure,3407,102,33.5925559997559
no-MAD-pure,3407,103,27.4683284759521
no-MAD-pure,3407,104,31.4017868041992
no-MAD-pure,3407,105,32.6109085083008
no-MAD-pure,3407,106,34.1221542358398
no-MAD-pure,3407,107,32.8867073059082
no-MAD-pure,3407,108,27.9498844146729
no-MAD-pure,3407,109,33.2975158691406
no-MAD-pure,3407,110,30.7113780975342
no-MAD-pure,3407,111,34.3375778198242
no-MAD-pure,3407,112,28.9749431610107
no-MAD-pure,3407,113,31.6084442138672
no-MAD-pure,3407,114,32.9149932861328
no-MAD-pure,3407,115,37.5238189697266
no-MAD-pure,3407,116,42.6957931518555
no-MAD-pure,3407,117,38.3390808105469
no-MAD-pure,3407,118,30.715404510498
no-MAD-pure,3407,119,31.2392749786377
no-MAD-pure,3407,120,35.1300201416016
no-MAD-pure,3407,121,31.5836620330811
no-MAD-pure,3407,122,30.7791061401367
no-MAD-pure,3407,123,29.1556911468506
no-MAD-pure,3407,124,33.0170516967773
no-MAD-pure,3407,125,31.75537109375
no-MAD-pure,3407,126,31.1383571624756
no-MAD-pure,3407,127,35.8074417114258
no-MAD-pure,3407,128,28.9638366699219
no-MAD-pure,3407,129,30.350227355957
no-MAD-pure,3407,130,37.5432281494141
no-MAD-pure,3407,131,29.4947052001953
no-MAD-pure,3407,132,27.6282863616943
no-MAD-pure,3407,133,24.9375419616699
no-MAD-pure,3407,134,31.5726642608643
no-MAD-pure,3407,135,26.9532337188721
no-MAD-pure,3407,136,25.3514270782471
no-MAD-pure,3407,137,32.5317192077637
no-MAD-pure,3407,138,32.1935424804688
no-MAD-pure,3407,139,22.2656955718994
no-MAD-pure,3407,140,29.2820529937744
no-MAD-pure,3407,141,25.0721950531006
no-MAD-pure,3407,142,35.3355979919434
no-MAD-pure,3407,143,23.5862007141113
no-MAD-pure,3407,144,28.3416194915771
no-MAD-pure,3407,145,32.2959518432617
no-MAD-pure,3407,146,22.2972259521484
no-MAD-pure,3407,147,22.2831058502197
no-MAD-pure,3407,148,24.0394496917725
no-MAD-pure,3407,149,20.4102993011475
no-MAD-pure,3407,150,20.3269157409668
no-MAD-pure,3407,151,16.9831943511963
no-MAD-pure,3407,152,22.2608623504639
no-MAD-pure,3407,153,20.1580677032471
no-MAD-pure,3407,154,21.3705959320068
no-MAD-pure,3407,155,23.1756706237793
no-MAD-pure,3407,156,22.1351222991943
no-MAD-pure,3407,157,21.6197776794434
no-MAD-pure,3407,158,14.6995315551758
no-MAD-pure,3407,159,17.7857227325439
no-MAD-pure,3407,160,21.6388092041016
no-MAD-pure,3407,161,16.6317844390869
no-MAD-pure,3407,162,20.3524322509766
no-MAD-pure,3407,163,19.9669857025146
no-MAD-pure,3407,164,15.3143510818481
no-MAD-pure,3407,165,17.7130222320557
no-MAD-pure,3407,166,15.4499816894531
no-MAD-pure,3407,167,18.3050022125244
no-MAD-pure,3407,168,20.470666885376
no-MAD-pure,3407,169,15.8757677078247
no-MAD-pure,3407,170,17.0580673217773
no-MAD-pure,3407,171,14.25452709198
no-MAD-pure,3407,172,12.2755842208862
no-MAD-pure,3407,173,25.6264457702637
no-MAD-pure,3407,174,17.9206848144531
no-MAD-pure,3407,175,13.792911529541
no-MAD-pure,3407,176,12.3752918243408
no-MAD-pure,3407,177,11.9555349349976
no-MAD-pure,3407,178,12.4240045547485
no-MAD-pure,3407,179,11.0312767028809
no-MAD-pure,3407,180,13.0231065750122
no-MAD-pure,3407,181,12.540018081665
no-MAD-pure,3407,182,12.6078777313232
no-MAD-pure,3407,183,9.84303665161133
no-MAD-pure,3407,184,10.9485692977905
no-MAD-pure,3407,185,12.0556297302246
no-MAD-pure,3407,186,9.91672134399414
no-MAD-pure,3407,187,10.3133659362793
no-MAD-pure,3407,188,10.1453046798706
no-MAD-pure,3407,189,9.52451324462891
no-MAD-pure,3407,190,9.98930549621582
no-MAD-pure,3407,191,9.09365272521973
no-MAD-pure,3407,192,9.00287628173828
no-MAD-pure,3407,193,8.47124767303467
no-MAD-pure,3407,194,8.02275371551514
no-MAD-pure,3407,195,10.7343835830688
no-MAD-pure,3407,196,7.979163646698
no-MAD-pure,3407,197,6.75277853012085
no-MAD-pure,3407,198,6.49597406387329
no-MAD-pure,3407,199,6.87481737136841
no-MAD-pure,3407,200,7.61565923690796
no-MAD-pure,3407,201,6.4936990737915
no-MAD-pure,3407,202,6.58522176742554
no-MAD-pure,3407,203,6.56313610076904
no-MAD-pure,3407,204,5.57395601272583
no-MAD-pure,3407,205,6.00749683380127
no-MAD-pure,3407,206,5.69599676132202
no-MAD-pure,3407,207,5.08957958221436
no-MAD-pure,3407,208,5.0574254989624
no-MAD-pure,3407,209,6.12787628173828
no-MAD-pure,3407,210,5.87736797332764
no-MAD-pure,3407,211,5.61154222488403
no-MAD-pure,3407,212,3.94426584243774
no-MAD-pure,3407,213,5.67969655990601
no-MAD-pure,3407,214,4.59937572479248
no-MAD-pure,3407,215,4.58844566345215
no-MAD-pure,3407,216,3.76453351974487
no-MAD-pure,3407,217,3.55783915519714
no-MAD-pure,3407,218,3.39882946014404
no-MAD-pure,3407,219,3.56464123725891
no-MAD-pure,3407,220,3.87585091590881
no-MAD-pure,3407,221,3.21893644332886
no-MAD-pure,3407,222,4.31691694259644
no-MAD-pure,3407,223,3.01341271400452
no-MAD-pure,3407,224,3.02935671806335
no-MAD-pure,3407,225,3.91495013237
no-MAD-pure,3407,226,3.13571381568909
no-MAD-pure,3407,227,3.17278909683228
no-MAD-pure,3407,228,3.21541595458984
no-MAD-pure,3407,229,2.56893515586853
no-MAD-pure,3407,230,2.14639496803284
no-MAD-pure,3407,231,2.389976978302
no-MAD-pure,3407,232,2.37575602531433
no-MAD-pure,3407,233,1.90746760368347
no-MAD-pure,3407,234,2.08478236198425
no-MAD-pure,3407,235,2.57527208328247
no-MAD-pure,3407,236,1.74694681167603
no-MAD-pure,3407,237,1.92521047592163
no-MAD-pure,3407,238,2.0576183795929
no-MAD-pure,3407,239,1.69975221157074
no-MAD-pure,3407,240,1.91840195655823
no-MAD-pure,3407,241,1.54676353931427
no-MAD-pure,3407,242,3.37462902069092
no-MAD-pure,3407,243,1.63498771190643
no-MAD-pure,3407,244,1.24886775016785
no-MAD-pure,3407,245,1.31605207920074
no-MAD-pure,3407,246,1.39678311347961
no-MAD-pure,3407,247,1.21877229213715
no-MAD-pure,3407,248,1.35090839862823
no-MAD-pure,3407,249,1.48326253890991
no-MAD-pure,3407,250,1.34559464454651
no-MAD-pure,3407,251,1.30729627609253
no-MAD-pure,3407,252,1.95014595985413
no-MAD-pure,3407,253,1.25514590740204
no-MAD-pure,3407,254,1.06848251819611
no-MAD-pure,3407,255,1.53310191631317
no-MAD-pure,3407,256,0.884563744068146
no-MAD-pure,3407,257,0.922834277153015
no-MAD-pure,3407,258,0.948999047279358
no-MAD-pure,3407,259,0.934814870357513
no-MAD-pure,3407,260,0.791147828102112
no-MAD-pure,3407,261,0.886551082134247
no-MAD-pure,3407,262,0.76706725358963
no-MAD-pure,3407,263,0.711643993854523
no-MAD-pure,3407,264,0.658076643943787
no-MAD-pure,3407,265,0.870406210422516
no-MAD-pure,3407,266,0.848602771759033
no-MAD-pure,3407,267,0.684315085411072
no-MAD-pure,3407,268,0.733305990695953
no-MAD-pure,3407,269,0.601635813713074
no-MAD-pure,3407,270,0.690348207950592
no-MAD-pure,3407,271,0.569340407848358
no-MAD-pure,3407,272,0.4809190928936
no-MAD-pure,3407,273,0.458150327205658
no-MAD-pure,3407,274,0.399994552135468
no-MAD-pure,3407,275,0.585549235343933
no-MAD-pure,3407,276,0.344377368688583
no-MAD-pure,3407,277,0.332150012254715
no-MAD-pure,3407,278,0.496490210294724
no-MAD-pure,3407,279,0.443477720022202
no-MAD-pure,3407,280,0.416968256235123
no-MAD-pure,3407,281,0.362063974142075
no-MAD-pure,3407,282,0.420271337032318
no-MAD-pure,3407,283,0.353947818279266
no-MAD-pure,3407,284,0.329755485057831
no-MAD-pure,3407,285,0.359151631593704
no-MAD-pure,3407,286,0.313357412815094
no-MAD-pure,3407,287,0.315015703439713
no-MAD-pure,3407,288,0.309460371732712
no-MAD-pure,3407,289,0.237316399812698
no-MAD-pure,3407,290,0.227722987532616
no-MAD-pure,3407,291,0.272371768951416
no-MAD-pure,3407,292,0.321524232625961
no-MAD-pure,3407,293,0.263080328702927
no-MAD-pure,3407,294,0.244118005037308
no-MAD-pure,3407,295,0.181673049926758
no-MAD-pure,3407,296,0.209546640515327
no-MAD-pure,3407,297,0.212520554661751
no-MAD-pure,3407,298,0.171682596206665
no-MAD-pure,3407,299,0.184867605566978
no-MAD-pure,3407,300,0.177222669124603
no-MAD-pure,3407,301,0.15100172162056
no-MAD-pure,3407,302,0.164051100611687
no-MAD-pure,3407,303,0.130387887358665
no-MAD-pure,3407,304,0.257958620786667
no-MAD-pure,3407,305,0.135023906826973
no-MAD-pure,3407,306,0.129542455077171
no-MAD-pure,3407,307,0.149870753288269
no-MAD-pure,3407,308,0.129092752933502
no-MAD-pure,3407,309,0.100226052105427
no-MAD-pure,3407,310,0.114674381911755
no-MAD-pure,3407,311,0.134920060634613
no-MAD-pure,3407,312,0.0873164758086205
no-MAD-pure,3407,313,0.0751997977495193
no-MAD-pure,3407,314,0.078794002532959
no-MAD-pure,3407,315,0.0914127677679062
no-MAD-pure,3407,316,0.0708777233958244
no-MAD-pure,3407,317,0.0688609406352043
no-MAD-pure,3407,318,0.0698227658867836
no-MAD-pure,3407,319,0.0629619732499123
no-MAD-pure,3407,320,0.0633764639496803
no-MAD-pure,3407,321,0.0731640383601189
no-MAD-pure,3407,322,0.0790966227650642
no-MAD-pure,3407,323,0.0539383143186569
no-MAD-pure,3407,324,0.0519955977797508
no-MAD-pure,3407,325,0.0512264706194401
no-MAD-pure,3407,326,0.0486014634370804
no-MAD-pure,3407,327,0.049664881080389
no-MAD-pure,3407,328,0.0536269545555115
no-MAD-pure,3407,329,0.0426944978535175
no-MAD-pure,3407,330,0.0638379976153374
no-MAD-pure,3407,331,0.0384552255272865
no-MAD-pure,3407,332,0.0321638770401478
no-MAD-pure,3407,333,0.0378922000527382
no-MAD-pure,3407,334,0.0446647703647614
no-MAD-pure,3407,335,0.0467341095209122
no-MAD-pure,3407,336,0.0393110625445843
no-MAD-pure,3407,337,0.0283182673156261
no-MAD-pure,3407,338,0.0334945507347584
no-MAD-pure,3407,339,0.0275528505444527
no-MAD-pure,3407,340,0.0272190570831299
no-MAD-pure,3407,341,0.0250457748770714
no-MAD-pure,3407,342,0.0218898858875036
no-MAD-pure,3407,343,0.0251836404204369
no-MAD-pure,3407,344,0.0236407294869423
no-MAD-pure,3407,345,0.0334376730024815
no-MAD-pure,3407,346,0.0298749543726444
no-MAD-pure,3407,347,0.0217688679695129
no-MAD-pure,3407,348,0.0198464877903461
no-MAD-pure,3407,349,0.0160962119698524
no-MAD-pure,3407,350,0.0176171455532312
no-MAD-pure,3407,351,0.0174510329961777
no-MAD-pure,3407,352,0.0168869812041521
no-MAD-pure,3407,353,0.0189450886100531
no-MAD-pure,3407,354,0.0128930145874619
no-MAD-pure,3407,355,0.0160182379186153
no-MAD-pure,3407,356,0.0134946778416634
no-MAD-pure,3407,357,0.0171950906515121
no-MAD-pure,3407,358,0.0123859755694866
no-MAD-pure,3407,359,0.0105031160637736
no-MAD-pure,3407,360,0.0148593233898282
no-MAD-pure,3407,361,0.0089681688696146
no-MAD-pure,3407,362,0.00944201461970806
no-MAD-pure,3407,363,0.00842062477022409
no-MAD-pure,3407,364,0.00895708985626698
no-MAD-pure,3407,365,0.00852175243198872
no-MAD-pure,3407,366,0.00834152940660715
no-MAD-pure,3407,367,0.00812545511871576
no-MAD-pure,3407,368,0.0120756290853024
no-MAD-pure,3407,369,0.00908239930868149
no-MAD-pure,3407,370,0.00746324937790632
no-MAD-pure,3407,371,0.00827011093497276
no-MAD-pure,3407,372,0.00628826674073935
no-MAD-pure,3407,373,0.00735794752836227
no-MAD-pure,3407,374,0.00687405467033386
no-MAD-pure,3407,375,0.00563882989808917
no-MAD-pure,3407,376,0.00722009362652898
no-MAD-pure,3407,377,0.00462734885513783
no-MAD-pure,3407,378,0.00411031953990459
no-MAD-pure,3407,379,0.00443822937086225
no-MAD-pure,3407,380,0.00366163928993046
no-MAD-pure,3407,381,0.00431948667392135
no-MAD-pure,3407,382,0.00493942620232701
no-MAD-pure,3407,383,0.00460104551166296
no-MAD-pure,3407,384,0.00286199129186571
no-MAD-pure,3407,385,0.0028879176825285
no-MAD-pure,3407,386,0.0037514534778893
no-MAD-pure,3407,387,0.00333783915266395
no-MAD-pure,3407,388,0.00239224638789892
no-MAD-pure,3407,389,0.00304469070397317
no-MAD-pure,3407,390,0.00267601991072297
no-MAD-pure,3407,391,0.00347005133517087
no-MAD-pure,3407,392,0.00212381826713681
no-MAD-pure,3407,393,0.00183241069316864
no-MAD-pure,3407,394,0.00224297191016376
no-MAD-pure,3407,395,0.00214524869807065
no-MAD-pure,3407,396,0.00168112700339407
no-MAD-pure,3407,397,0.00177082745358348
no-MAD-pure,3407,398,0.00215635658241808
no-MAD-pure,3407,399,0.00190281309187412
no-MAD-pure,3407,400,0.00210747611708939
no-MAD-pure,4518,1,3.52713704109192
no-MAD-pure,4518,2,4.04759216308594
no-MAD-pure,4518,3,4.32997894287109
no-MAD-pure,4518,4,4.456374168396
no-MAD-pure,4518,5,5.33682680130005
no-MAD-pure,4518,6,4.3032693862915
no-MAD-pure,4518,7,4.16711044311523
no-MAD-pure,4518,8,5.16097450256348
no-MAD-pure,4518,9,4.78738355636597
no-MAD-pure,4518,10,4.73942089080811
no-MAD-pure,4518,11,5.38342332839966
no-MAD-pure,4518,12,4.68810796737671
no-MAD-pure,4518,13,5.73706674575806
no-MAD-pure,4518,14,4.93044328689575
no-MAD-pure,4518,15,6.33151435852051
no-MAD-pure,4518,16,5.45070314407349
no-MAD-pure,4518,17,6.93641424179077
no-MAD-pure,4518,18,6.8240532875061
no-MAD-pure,4518,19,5.81189346313477
no-MAD-pure,4518,20,5.97498464584351
no-MAD-pure,4518,21,7.45969295501709
no-MAD-pure,4518,22,6.90351057052612
no-MAD-pure,4518,23,7.5683798789978
no-MAD-pure,4518,24,8.20140075683594
no-MAD-pure,4518,25,7.7185230255127
no-MAD-pure,4518,26,8.46674823760986
no-MAD-pure,4518,27,8.29392623901367
no-MAD-pure,4518,28,8.62993621826172
no-MAD-pure,4518,29,8.29612731933594
no-MAD-pure,4518,30,8.99734497070312
no-MAD-pure,4518,31,8.32049655914307
no-MAD-pure,4518,32,9.84085655212402
no-MAD-pure,4518,33,9.39556789398193
no-MAD-pure,4518,34,10.318678855896
no-MAD-pure,4518,35,9.3506965637207
no-MAD-pure,4518,36,9.6021785736084
no-MAD-pure,4518,37,11.1053791046143
no-MAD-pure,4518,38,11.8831806182861
no-MAD-pure,4518,39,12.3787612915039
no-MAD-pure,4518,40,13.997220993042
no-MAD-pure,4518,41,12.5907535552979
no-MAD-pure,4518,42,12.015775680542
no-MAD-pure,4518,43,13.0593042373657
no-MAD-pure,4518,44,13.6147832870483
no-MAD-pure,4518,45,14.4629707336426
no-MAD-pure,4518,46,15.8302192687988
no-MAD-pure,4518,47,16.6106967926025
no-MAD-pure,4518,48,16.7808132171631
no-MAD-pure,4518,49,16.1883640289307
no-MAD-pure,4518,50,19.529504776001
no-MAD-pure,4518,51,17.2349605560303
no-MAD-pure,4518,52,15.1563196182251
no-MAD-pure,4518,53,17.7708110809326
no-MAD-pure,4518,54,18.8573894500732
no-MAD-pure,4518,55,18.774845123291
no-MAD-pure,4518,56,17.7333850860596
no-MAD-pure,4518,57,20.1625194549561
no-MAD-pure,4518,58,18.396032333374
no-MAD-pure,4518,59,21.3912315368652
no-MAD-pure,4518,60,20.2703514099121
no-MAD-pure,4518,61,21.8482627868652
no-MAD-pure,4518,62,25.5703773498535
no-MAD-pure,4518,63,20.9698867797852
no-MAD-pure,4518,64,21.4589443206787
no-MAD-pure,4518,65,26.2790546417236
no-MAD-pure,4518,66,24.6252174377441
no-MAD-pure,4518,67,24.5319538116455
no-MAD-pure,4518,68,22.82151222229
no-MAD-pure,4518,69,26.7890300750732
no-MAD-pure,4518,70,23.8122940063477
no-MAD-pure,4518,71,23.6243896484375
no-MAD-pure,4518,72,25.1513042449951
no-MAD-pure,4518,73,22.7843036651611
no-MAD-pure,4518,74,26.6308994293213
no-MAD-pure,4518,75,28.5544261932373
no-MAD-pure,4518,76,22.4194183349609
no-MAD-pure,4518,77,26.6602630615234
no-MAD-pure,4518,78,26.3878860473633
no-MAD-pure,4518,79,28.5202312469482
no-MAD-pure,4518,80,27.1914978027344
no-MAD-pure,4518,81,31.5773277282715
no-MAD-pure,4518,82,30.2354412078857
no-MAD-pure,4518,83,28.7552032470703
no-MAD-pure,4518,84,32.0734481811523
no-MAD-pure,4518,85,28.5473480224609
no-MAD-pure,4518,86,29.3042163848877
no-MAD-pure,4518,87,29.2249603271484
no-MAD-pure,4518,88,28.9621200561523
no-MAD-pure,4518,89,28.6138134002686
no-MAD-pure,4518,90,34.5869445800781
no-MAD-pure,4518,91,34.3827095031738
no-MAD-pure,4518,92,29.0641212463379
no-MAD-pure,4518,93,33.7641296386719
no-MAD-pure,4518,94,35.0078125
no-MAD-pure,4518,95,33.719165802002
no-MAD-pure,4518,96,35.5714874267578
no-MAD-pure,4518,97,34.2480735778809
no-MAD-pure,4518,98,34.4100151062012
no-MAD-pure,4518,99,32.1583480834961
no-MAD-pure,4518,100,29.2653636932373
no-MAD-pure,4518,101,32.7710723876953
no-MAD-pure,4518,102,35.0837860107422
no-MAD-pure,4518,103,32.7986221313477
no-MAD-pure,4518,104,36.8572845458984
no-MAD-pure,4518,105,35.230770111084
no-MAD-pure,4518,106,35.8031616210938
no-MAD-pure,4518,107,30.6642608642578
no-MAD-pure,4518,108,36.9914512634277
no-MAD-pure,4518,109,36.5224800109863
no-MAD-pure,4518,110,35.2453384399414
no-MAD-pure,4518,111,32.9613189697266
no-MAD-pure,4518,112,34.9628143310547
no-MAD-pure,4518,113,32.4631195068359
no-MAD-pure,4518,114,33.0108375549316
no-MAD-pure,4518,115,35.4113540649414
no-MAD-pure,4518,116,32.4236221313477
no-MAD-pure,4518,117,36.7640037536621
no-MAD-pure,4518,118,33.8547554016113
no-MAD-pure,4518,119,30.7843227386475
no-MAD-pure,4518,120,40.5969009399414
no-MAD-pure,4518,121,38.9203033447266
no-MAD-pure,4518,122,32.9903221130371
no-MAD-pure,4518,123,34.1968307495117
no-MAD-pure,4518,124,31.0434608459473
no-MAD-pure,4518,125,35.1550178527832
no-MAD-pure,4518,126,29.1253871917725
no-MAD-pure,4518,127,35.4017105102539
no-MAD-pure,4518,128,29.9367275238037
no-MAD-pure,4518,129,30.0329685211182
no-MAD-pure,4518,130,32.7107353210449
no-MAD-pure,4518,131,28.7448654174805
no-MAD-pure,4518,132,36.4619979858398
no-MAD-pure,4518,133,30.4230842590332
no-MAD-pure,4518,134,33.1888465881348
no-MAD-pure,4518,135,31.8093757629395
no-MAD-pure,4518,136,35.4992752075195
no-MAD-pure,4518,137,30.7062721252441
no-MAD-pure,4518,138,38.2458229064941
no-MAD-pure,4518,139,25.5444507598877
no-MAD-pure,4518,140,29.8577480316162
no-MAD-pure,4518,141,30.2047996520996
no-MAD-pure,4518,142,27.6844291687012
no-MAD-pure,4518,143,24.8094654083252
no-MAD-pure,4518,144,31.8839263916016
no-MAD-pure,4518,145,34.9558753967285
no-MAD-pure,4518,146,32.6737289428711
no-MAD-pure,4518,147,24.7746086120605
no-MAD-pure,4518,148,28.9718894958496
no-MAD-pure,4518,149,27.2798442840576
no-MAD-pure,4518,150,33.4327239990234
no-MAD-pure,4518,151,24.2621402740479
no-MAD-pure,4518,152,29.5321407318115
no-MAD-pure,4518,153,22.8933143615723
no-MAD-pure,4518,154,22.5342388153076
no-MAD-pure,4518,155,22.947566986084
no-MAD-pure,4518,156,33.4947929382324
no-MAD-pure,4518,157,23.8812694549561
no-MAD-pure,4518,158,21.6628360748291
no-MAD-pure,4518,159,23.842658996582
no-MAD-pure,4518,160,23.4984683990479
no-MAD-pure,4518,161,24.819522857666
no-MAD-pure,4518,162,24.5329036712646
no-MAD-pure,4518,163,23.1908493041992
no-MAD-pure,4518,164,19.8663902282715
no-MAD-pure,4518,165,19.8998374938965
no-MAD-pure,4518,166,19.9992523193359
no-MAD-pure,4518,167,22.6449565887451
no-MAD-pure,4518,168,18.8114356994629
no-MAD-pure,4518,169,18.8043479919434
no-MAD-pure,4518,170,18.0061264038086
no-MAD-pure,4518,171,21.7904319763184
no-MAD-pure,4518,172,17.5165405273438
no-MAD-pure,4518,173,18.1765022277832
no-MAD-pure,4518,174,19.6672554016113
no-MAD-pure,4518,175,16.1762218475342
no-MAD-pure,4518,176,15.3105239868164
no-MAD-pure,4518,177,16.8467388153076
no-MAD-pure,4518,178,15.9743204116821
no-MAD-pure,4518,179,15.742094039917
no-MAD-pure,4518,180,13.3511524200439
no-MAD-pure,4518,181,15.0354433059692
no-MAD-pure,4518,182,14.6831550598145
no-MAD-pure,4518,183,17.6918697357178
no-MAD-pure,4518,184,12.0581541061401
no-MAD-pure,4518,185,14.7144861221313
no-MAD-pure,4518,186,10.6956548690796
no-MAD-pure,4518,187,14.0636224746704
no-MAD-pure,4518,188,10.9601860046387
no-MAD-pure,4518,189,11.6116304397583
no-MAD-pure,4518,190,11.3741912841797
no-MAD-pure,4518,191,11.1203098297119
no-MAD-pure,4518,192,10.6536598205566
no-MAD-pure,4518,193,10.4284639358521
no-MAD-pure,4518,194,11.9708156585693
no-MAD-pure,4518,195,8.17618274688721
no-MAD-pure,4518,196,9.42570495605469
no-MAD-pure,4518,197,9.4351692199707
no-MAD-pure,4518,198,9.26168441772461
no-MAD-pure,4518,199,8.50113868713379
no-MAD-pure,4518,200,10.5737161636353
no-MAD-pure,4518,201,7.44609689712524
no-MAD-pure,4518,202,8.94935417175293
no-MAD-pure,4518,203,9.33366680145264
no-MAD-pure,4518,204,9.07029342651367
no-MAD-pure,4518,205,8.48979473114014
no-MAD-pure,4518,206,6.17251062393188
no-MAD-pure,4518,207,6.75927019119263
no-MAD-pure,4518,208,5.61576223373413
no-MAD-pure,4518,209,9.31909847259521
no-MAD-pure,4518,210,5.24510812759399
no-MAD-pure,4518,211,7.5983567237854
no-MAD-pure,4518,212,6.44040822982788
no-MAD-pure,4518,213,5.32234764099121
no-MAD-pure,4518,214,6.10696220397949
no-MAD-pure,4518,215,5.31347894668579
no-MAD-pure,4518,216,5.13519096374512
no-MAD-pure,4518,217,7.60922765731812
no-MAD-pure,4518,218,4.58776903152466
no-MAD-pure,4518,219,4.71983575820923
no-MAD-pure,4518,220,4.99969148635864
no-MAD-pure,4518,221,4.10995769500732
no-MAD-pure,4518,222,5.75430250167847
no-MAD-pure,4518,223,4.69527339935303
no-MAD-pure,4518,224,3.24755859375
no-MAD-pure,4518,225,3.45747303962708
no-MAD-pure,4518,226,3.76243090629578
no-MAD-pure,4518,227,2.75219559669495
no-MAD-pure,4518,228,4.21637868881226
no-MAD-pure,4518,229,3.22125601768494
no-MAD-pure,4518,230,3.52907109260559
no-MAD-pure,4518,231,2.74938583374023
no-MAD-pure,4518,232,2.51299905776978
no-MAD-pure,4518,233,2.53057527542114
no-MAD-pure,4518,234,3.17893552780151
no-MAD-pure,4518,235,2.72529649734497
no-MAD-pure,4518,236,2.90748763084412
no-MAD-pure,4518,237,2.27479434013367
no-MAD-pure,4518,238,2.11382031440735
no-MAD-pure,4518,239,1.90514373779297
no-MAD-pure,4518,240,2.17030262947083
no-MAD-pure,4518,241,1.91303610801697
no-MAD-pure,4518,242,1.90805327892303
no-MAD-pure,4518,243,1.65930807590485
no-MAD-pure,4518,244,2.10889649391174
no-MAD-pure,4518,245,2.46143436431885
no-MAD-pure,4518,246,1.84679961204529
no-MAD-pure,4518,247,2.02095794677734
no-MAD-pure,4518,248,1.75701630115509
no-MAD-pure,4518,249,1.83125650882721
no-MAD-pure,4518,250,1.69970273971558
no-MAD-pure,4518,251,1.49754571914673
no-MAD-pure,4518,252,1.60051000118256
no-MAD-pure,4518,253,1.4177622795105
no-MAD-pure,4518,254,1.22046291828156
no-MAD-pure,4518,255,2.21056652069092
no-MAD-pure,4518,256,1.10591864585876
no-MAD-pure,4518,257,1.13789200782776
no-MAD-pure,4518,258,0.960357129573822
no-MAD-pure,4518,259,1.05857825279236
no-MAD-pure,4518,260,1.04325699806213
no-MAD-pure,4518,261,1.09268534183502
no-MAD-pure,4518,262,0.947442770004272
no-MAD-pure,4518,263,0.88665384054184
no-MAD-pure,4518,264,1.00505685806274
no-MAD-pure,4518,265,0.964758813381195
no-MAD-pure,4518,266,0.98749965429306
no-MAD-pure,4518,267,0.681591093540192
no-MAD-pure,4518,268,0.722480177879333
no-MAD-pure,4518,269,0.71331912279129
no-MAD-pure,4518,270,0.611449122428894
no-MAD-pure,4518,271,0.885407984256744
no-MAD-pure,4518,272,0.650016725063324
no-MAD-pure,4518,273,0.712778806686401
no-MAD-pure,4518,274,0.563274383544922
no-MAD-pure,4518,275,0.546406149864197
no-MAD-pure,4518,276,0.723899483680725
no-MAD-pure,4518,277,0.552236437797546
no-MAD-pure,4518,278,0.463140517473221
no-MAD-pure,4518,279,0.574519872665405
no-MAD-pure,4518,280,0.424763858318329
no-MAD-pure,4518,281,0.474648743867874
no-MAD-pure,4518,282,0.473994165658951
no-MAD-pure,4518,283,0.377780884504318
no-MAD-pure,4518,284,0.327370941638947
no-MAD-pure,4518,285,0.338581085205078
no-MAD-pure,4518,286,0.335860311985016
no-MAD-pure,4518,287,0.300574332475662
no-MAD-pure,4518,288,0.286978960037231
no-MAD-pure,4518,289,0.245399311184883
no-MAD-pure,4518,290,0.325413286685944
no-MAD-pure,4518,291,0.335410237312317
no-MAD-pure,4518,292,0.316142618656158
no-MAD-pure,4518,293,0.407269597053528
no-MAD-pure,4518,294,0.232376947999001
no-MAD-pure,4518,295,0.247274458408356
no-MAD-pure,4518,296,0.227374657988548
no-MAD-pure,4518,297,0.230284571647644
no-MAD-pure,4518,298,0.190981015563011
no-MAD-pure,4518,299,0.165415778756142
no-MAD-pure,4518,300,0.168343409895897
no-MAD-pure,4518,301,0.181023508310318
no-MAD-pure,4518,302,0.15579716861248
no-MAD-pure,4518,303,0.190986558794975
no-MAD-pure,4518,304,0.171842351555824
no-MAD-pure,4518,305,0.205606728792191
no-MAD-pure,4518,306,0.172515764832497
no-MAD-pure,4518,307,0.153514072299004
no-MAD-pure,4518,308,0.116881027817726
no-MAD-pure,4518,309,0.127204239368439
no-MAD-pure,4518,310,0.110156774520874
no-MAD-pure,4518,311,0.109710358083248
no-MAD-pure,4518,312,0.135441362857819
no-MAD-pure,4518,313,0.0944513231515884
no-MAD-pure,4518,314,0.0973549410700798
no-MAD-pure,4518,315,0.0895850136876106
no-MAD-pure,4518,316,0.0854422450065613
no-MAD-pure,4518,317,0.0738748088479042
no-MAD-pure,4518,318,0.108176276087761
no-MAD-pure,4518,319,0.120307363569736
no-MAD-pure,4518,320,0.077456921339035
no-MAD-pure,4518,321,0.102245554327965
no-MAD-pure,4518,322,0.076933465898037
no-MAD-pure,4518,323,0.0757370069622993
no-MAD-pure,4518,324,0.0665075182914734
no-MAD-pure,4518,325,0.0654615461826324
no-MAD-pure,4518,326,0.0608477108180523
no-MAD-pure,4518,327,0.063091404736042
no-MAD-pure,4518,328,0.0688146501779556
no-MAD-pure,4518,329,0.0569591745734215
no-MAD-pure,4518,330,0.0477723143994808
no-MAD-pure,4518,331,0.0550133064389229
no-MAD-pure,4518,332,0.0453954562544823
no-MAD-pure,4518,333,0.0506171472370625
no-MAD-pure,4518,334,0.0426688194274902
no-MAD-pure,4518,335,0.078571654856205
no-MAD-pure,4518,336,0.0509374365210533
no-MAD-pure,4518,337,0.0374392233788967
no-MAD-pure,4518,338,0.0317066423594952
no-MAD-pure,4518,339,0.037277240306139
no-MAD-pure,4518,340,0.0334755107760429
no-MAD-pure,4518,341,0.0275056641548872
no-MAD-pure,4518,342,0.0272043831646442
no-MAD-pure,4518,343,0.0284884814172983
no-MAD-pure,4518,344,0.024501983076334
no-MAD-pure,4518,345,0.0265810284763575
no-MAD-pure,4518,346,0.0247985981404781
no-MAD-pure,4518,347,0.0277420077472925
no-MAD-pure,4518,348,0.0190433673560619
no-MAD-pure,4518,349,0.024750791490078
no-MAD-pure,4518,350,0.0274287387728691
no-MAD-pure,4518,351,0.0141901029273868
no-MAD-pure,4518,352,0.0188660435378551
no-MAD-pure,4518,353,0.0140798669308424
no-MAD-pure,4518,354,0.0170459318906069
no-MAD-pure,4518,355,0.0125028537586331
no-MAD-pure,4518,356,0.0182182509452105
no-MAD-pure,4518,357,0.0140079725533724
no-MAD-pure,4518,358,0.0173104871064425
no-MAD-pure,4518,359,0.0150930592790246
no-MAD-pure,4518,360,0.0125883668661118
no-MAD-pure,4518,361,0.0304685290902853
no-MAD-pure,4518,362,0.0118529507890344
no-MAD-pure,4518,363,0.0111771207302809
no-MAD-pure,4518,364,0.0124434567987919
no-MAD-pure,4518,365,0.011336600407958
no-MAD-pure,4518,366,0.00834728311747313
no-MAD-pure,4518,367,0.0139556666836143
no-MAD-pure,4518,368,0.0090413698926568
no-MAD-pure,4518,369,0.00806880556046963
no-MAD-pure,4518,370,0.00873525906354189
no-MAD-pure,4518,371,0.0082872761413455
no-MAD-pure,4518,372,0.00794954225420952
no-MAD-pure,4518,373,0.00815088767558336
no-MAD-pure,4518,374,0.00627923617139459
no-MAD-pure,4518,375,0.00769820669665933
no-MAD-pure,4518,376,0.00639579771086574
no-MAD-pure,4518,377,0.00498965661972761
no-MAD-pure,4518,378,0.00578986015170813
no-MAD-pure,4518,379,0.00641287164762616
no-MAD-pure,4518,380,0.00534719740971923
no-MAD-pure,4518,381,0.00512471422553062
no-MAD-pure,4518,382,0.00493943272158504
no-MAD-pure,4518,383,0.00451940484344959
no-MAD-pure,4518,384,0.00364007777534425
no-MAD-pure,4518,385,0.00394226005300879
no-MAD-pure,4518,386,0.00445030210539699
no-MAD-pure,4518,387,0.00346136069856584
no-MAD-pure,4518,388,0.00321647594682872
no-MAD-pure,4518,389,0.00606598798185587
no-MAD-pure,4518,390,0.00374010438099504
no-MAD-pure,4518,391,0.00282772094942629
no-MAD-pure,4518,392,0.00430435827001929
no-MAD-pure,4518,393,0.002704749815166
no-MAD-pure,4518,394,0.00342443189583719
no-MAD-pure,4518,395,0.003123564645648
no-MAD-pure,4518,396,0.00255447323434055
no-MAD-pure,4518,397,0.00250459578819573
no-MAD-pure,4518,398,0.00209822366014123
no-MAD-pure,4518,399,0.00229664240032434
no-MAD-pure,4518,400,0.00216130400076509
no-MAD-pure,5629,1,4.61302661895752
no-MAD-pure,5629,2,4.36063766479492
no-MAD-pure,5629,3,5.89212989807129
no-MAD-pure,5629,4,4.20900869369507
no-MAD-pure,5629,5,4.54755973815918
no-MAD-pure,5629,6,4.87359857559204
no-MAD-pure,5629,7,4.45135354995728
no-MAD-pure,5629,8,5.48705244064331
no-MAD-pure,5629,9,5.9468355178833
no-MAD-pure,5629,10,4.48300361633301
no-MAD-pure,5629,11,4.67367506027222
no-MAD-pure,5629,12,6.04598426818848
no-MAD-pure,5629,13,7.18451356887817
no-MAD-pure,5629,14,5.7903790473938
no-MAD-pure,5629,15,5.84545993804932
no-MAD-pure,5629,16,6.11874771118164
no-MAD-pure,5629,17,5.54396152496338
no-MAD-pure,5629,18,5.8367772102356
no-MAD-pure,5629,19,6.49189138412476
no-MAD-pure,5629,20,6.48831701278687
no-MAD-pure,5629,21,6.06342792510986
no-MAD-pure,5629,22,6.35087060928345
no-MAD-pure,5629,23,6.44940137863159
no-MAD-pure,5629,24,6.86501026153564
no-MAD-pure,5629,25,6.86122179031372
no-MAD-pure,5629,26,7.38985395431519
no-MAD-pure,5629,27,9.78720188140869
no-MAD-pure,5629,28,9.23003387451172
no-MAD-pure,5629,29,7.7887110710144
no-MAD-pure,5629,30,9.34931659698486
no-MAD-pure,5629,31,8.2343864440918
no-MAD-pure,5629,32,8.98416233062744
no-MAD-pure,5629,33,9.56529426574707
no-MAD-pure,5629,34,9.98401927947998
no-MAD-pure,5629,35,11.4949045181274
no-MAD-pure,5629,36,10.9421586990356
no-MAD-pure,5629,37,10.5993900299072
no-MAD-pure,5629,38,11.3667764663696
no-MAD-pure,5629,39,12.2407941818237
no-MAD-pure,5629,40,12.0683393478394
no-MAD-pure,5629,41,11.9841728210449
no-MAD-pure,5629,42,13.5324850082397
no-MAD-pure,5629,43,13.8929166793823
no-MAD-pure,5629,44,13.6233215332031
no-MAD-pure,5629,45,14.5156440734863
no-MAD-pure,5629,46,15.7703189849854
no-MAD-pure,5629,47,13.5708894729614
no-MAD-pure,5629,48,14.0386686325073
no-MAD-pure,5629,49,15.1830539703369
no-MAD-pure,5629,50,17.9630527496338
no-MAD-pure,5629,51,16.2972927093506
no-MAD-pure,5629,52,17.6611137390137
no-MAD-pure,5629,53,17.0715389251709
no-MAD-pure,5629,54,17.7210063934326
no-MAD-pure,5629,55,19.2374210357666
no-MAD-pure,5629,56,19.846435546875
no-MAD-pure,5629,57,19.609130859375
no-MAD-pure,5629,58,20.7669010162354
no-MAD-pure,5629,59,19.3031635284424
no-MAD-pure,5629,60,20.2297267913818
no-MAD-pure,5629,61,21.0579795837402
no-MAD-pure,5629,62,21.4908714294434
no-MAD-pure,5629,63,20.7379474639893
no-MAD-pure,5629,64,22.936056137085
no-MAD-pure,5629,65,25.4270172119141
no-MAD-pure,5629,66,22.7967853546143
no-MAD-pure,5629,67,29.3005218505859
no-MAD-pure,5629,68,23.9634761810303
no-MAD-pure,5629,69,23.690637588501
no-MAD-pure,5629,70,24.6425075531006
no-MAD-pure,5629,71,27.4560565948486
no-MAD-pure,5629,72,26.1331520080566
no-MAD-pure,5629,73,25.585542678833
no-MAD-pure,5629,74,26.948938369751
no-MAD-pure,5629,75,30.2215118408203
no-MAD-pure,5629,76,28.1343936920166
no-MAD-pure,5629,77,26.7619857788086
no-MAD-pure,5629,78,31.2464408874512
no-MAD-pure,5629,79,29.1138877868652
no-MAD-pure,5629,80,28.9910087585449
no-MAD-pure,5629,81,31.7597122192383
no-MAD-pure,5629,82,33.2545013427734
no-MAD-pure,5629,83,29.0513496398926
no-MAD-pure,5629,84,27.2741470336914
no-MAD-pure,5629,85,31.5646800994873
no-MAD-pure,5629,86,30.8976745605469
no-MAD-pure,5629,87,29.772403717041
no-MAD-pure,5629,88,30.6301345825195
no-MAD-pure,5629,89,33.230842590332
no-MAD-pure,5629,90,35.6986236572266
no-MAD-pure,5629,91,29.5371589660645
no-MAD-pure,5629,92,34.5029449462891
no-MAD-pure,5629,93,34.5895805358887
no-MAD-pure,5629,94,34.3357810974121
no-MAD-pure,5629,95,33.2576904296875
no-MAD-pure,5629,96,35.1276741027832
no-MAD-pure,5629,97,35.9518013000488
no-MAD-pure,5629,98,38.2688026428223
no-MAD-pure,5629,99,35.6067276000977
no-MAD-pure,5629,100,34.6072616577148
no-MAD-pure,5629,101,35.0878677368164
no-MAD-pure,5629,102,31.1760387420654
no-MAD-pure,5629,103,38.3846244812012
no-MAD-pure,5629,104,32.5338287353516
no-MAD-pure,5629,105,34.8527221679688
no-MAD-pure,5629,106,35.930061340332
no-MAD-pure,5629,107,33.4657897949219
no-MAD-pure,5629,108,34.5783996582031
no-MAD-pure,5629,109,35.8715972900391
no-MAD-pure,5629,110,35.7840156555176
no-MAD-pure,5629,111,45.6479911804199
no-MAD-pure,5629,112,33.4919853210449
no-MAD-pure,5629,113,30.2712574005127
no-MAD-pure,5629,114,35.3630065917969
no-MAD-pure,5629,115,31.2857074737549
no-MAD-pure,5629,116,34.3060760498047
no-MAD-pure,5629,117,37.7662315368652
no-MAD-pure,5629,118,34.1792526245117
no-MAD-pure,5629,119,29.7753200531006
no-MAD-pure,5629,120,31.3099918365479
no-MAD-pure,5629,121,33.8810386657715
no-MAD-pure,5629,122,30.1254329681396
no-MAD-pure,5629,123,35.8210220336914
no-MAD-pure,5629,124,32.2016220092773
no-MAD-pure,5629,125,32.8729019165039
no-MAD-pure,5629,126,31.2939529418945
no-MAD-pure,5629,127,36.5052909851074
no-MAD-pure,5629,128,45.3695755004883
no-MAD-pure,5629,129,28.9856643676758
no-MAD-pure,5629,130,29.6715965270996
no-MAD-pure,5629,131,31.7460460662842
no-MAD-pure,5629,132,29.0461406707764
no-MAD-pure,5629,133,34.9453010559082
no-MAD-pure,5629,134,29.4980888366699
no-MAD-pure,5629,135,27.4648494720459
no-MAD-pure,5629,136,29.2290935516357
no-MAD-pure,5629,137,25.7693843841553
no-MAD-pure,5629,138,36.2032279968262
no-MAD-pure,5629,139,30.8921489715576
no-MAD-pure,5629,140,27.5479393005371
no-MAD-pure,5629,141,29.3390636444092
no-MAD-pure,5629,142,29.592945098877
no-MAD-pure,5629,143,27.0244293212891
no-MAD-pure,5629,144,23.0768184661865
no-MAD-pure,5629,145,28.0416812896729
no-MAD-pure,5629,146,25.2107353210449
no-MAD-pure,5629,147,29.2376079559326
no-MAD-pure,5629,148,50.6024131774902
no-MAD-pure,5629,149,27.7434349060059
no-MAD-pure,5629,150,26.0212249755859
no-MAD-pure,5629,151,23.8339176177979
no-MAD-pure,5629,152,21.140983581543
no-MAD-pure,5629,153,22.6038303375244
no-MAD-pure,5629,154,24.7172241210938
no-MAD-pure,5629,155,20.7884101867676
no-MAD-pure,5629,156,21.8777484893799
no-MAD-pure,5629,157,23.2183895111084
no-MAD-pure,5629,158,21.2372398376465
no-MAD-pure,5629,159,21.8564758300781
no-MAD-pure,5629,160,18.8876438140869
no-MAD-pure,5629,161,18.5999240875244
no-MAD-pure,5629,162,18.7674655914307
no-MAD-pure,5629,163,18.552267074585
no-MAD-pure,5629,164,18.0313129425049
no-MAD-pure,5629,165,17.8987903594971
no-MAD-pure,5629,166,17.0974540710449
no-MAD-pure,5629,167,17.6937961578369
no-MAD-pure,5629,168,20.054931640625
no-MAD-pure,5629,169,16.3033905029297
no-MAD-pure,5629,170,16.6697826385498
no-MAD-pure,5629,171,16.166166305542
no-MAD-pure,5629,172,14.1380367279053
no-MAD-pure,5629,173,17.1582622528076
no-MAD-pure,5629,174,15.4675922393799
no-MAD-pure,5629,175,13.4012899398804
no-MAD-pure,5629,176,13.6306591033936
no-MAD-pure,5629,177,12.6610918045044
no-MAD-pure,5629,178,11.3365678787231
no-MAD-pure,5629,179,10.7776155471802
no-MAD-pure,5629,180,13.189866065979
no-MAD-pure,5629,181,13.0785388946533
no-MAD-pure,5629,182,11.2783946990967
no-MAD-pure,5629,183,11.4403276443481
no-MAD-pure,5629,184,10.736629486084
no-MAD-pure,5629,185,11.2105703353882
no-MAD-pure,5629,186,8.89400959014893
no-MAD-pure,5629,187,9.44231033325195
no-MAD-pure,5629,188,8.81704998016357
no-MAD-pure,5629,189,9.01943111419678
no-MAD-pure,5629,190,8.37890720367432
no-MAD-pure,5629,191,9.163330078125
no-MAD-pure,5629,192,8.8465518951416
no-MAD-pure,5629,193,7.93812656402588
no-MAD-pure,5629,194,7.46917581558228
no-MAD-pure,5629,195,8.33130359649658
no-MAD-pure,5629,196,6.87216138839722
no-MAD-pure,5629,197,8.48607921600342
no-MAD-pure,5629,198,9.52705955505371
no-MAD-pure,5629,199,6.05285835266113
no-MAD-pure,5629,200,6.24010467529297
no-MAD-pure,5629,201,6.33849382400513
no-MAD-pure,5629,202,6.63851404190063
no-MAD-pure,5629,203,5.79165506362915
no-MAD-pure,5629,204,6.9743766784668
no-MAD-pure,5629,205,6.02345514297485
no-MAD-pure,5629,206,5.80341291427612
no-MAD-pure,5629,207,4.66025972366333
no-MAD-pure,5629,208,4.55430603027344
no-MAD-pure,5629,209,4.49077939987183
no-MAD-pure,5629,210,8.91902637481689
no-MAD-pure,5629,211,4.53096342086792
no-MAD-pure,5629,212,4.45312690734863
no-MAD-pure,5629,213,4.25441884994507
no-MAD-pure,5629,214,4.30164051055908
no-MAD-pure,5629,215,4.41276407241821
no-MAD-pure,5629,216,3.93736743927002
no-MAD-pure,5629,217,3.89835214614868
no-MAD-pure,5629,218,7.10682439804077
no-MAD-pure,5629,219,3.1124050617218
no-MAD-pure,5629,220,3.87102603912354
no-MAD-pure,5629,221,4.20757913589478
no-MAD-pure,5629,222,3.97015786170959
no-MAD-pure,5629,223,3.12735199928284
no-MAD-pure,5629,224,2.91005659103394
no-MAD-pure,5629,225,2.65948009490967
no-MAD-pure,5629,226,3.21697449684143
no-MAD-pure,5629,227,2.52851510047913
no-MAD-pure,5629,228,2.18081307411194
no-MAD-pure,5629,229,2.61696863174438
no-MAD-pure,5629,230,2.1960175037384
no-MAD-pure,5629,231,2.84762668609619
no-MAD-pure,5629,232,2.51036262512207
no-MAD-pure,5629,233,2.12939357757568
no-MAD-pure,5629,234,2.25061678886414
no-MAD-pure,5629,235,2.04818844795227
no-MAD-pure,5629,236,1.88237190246582
no-MAD-pure,5629,237,1.86947274208069
no-MAD-pure,5629,238,1.58747470378876
no-MAD-pure,5629,239,1.72811007499695
no-MAD-pure,5629,240,1.59422624111176
no-MAD-pure,5629,241,1.76798129081726
no-MAD-pure,5629,242,1.30043756961823
no-MAD-pure,5629,243,1.51202142238617
no-MAD-pure,5629,244,1.30306756496429
no-MAD-pure,5629,245,1.50408577919006
no-MAD-pure,5629,246,1.66419148445129
no-MAD-pure,5629,247,1.54547250270844
no-MAD-pure,5629,248,1.26935946941376
no-MAD-pure,5629,249,1.52497673034668
no-MAD-pure,5629,250,1.18872308731079
no-MAD-pure,5629,251,1.33422768115997
no-MAD-pure,5629,252,1.15872013568878
no-MAD-pure,5629,253,0.945689916610718
no-MAD-pure,5629,254,0.944518148899078
no-MAD-pure,5629,255,1.04496765136719
no-MAD-pure,5629,256,0.939025580883026
no-MAD-pure,5629,257,1.04641497135162
no-MAD-pure,5629,258,0.887950778007507
no-MAD-pure,5629,259,1.0045645236969
no-MAD-pure,5629,260,0.785359084606171
no-MAD-pure,5629,261,0.809972524642944
no-MAD-pure,5629,262,0.687298715114594
no-MAD-pure,5629,263,0.634540438652039
no-MAD-pure,5629,264,0.611264765262604
no-MAD-pure,5629,265,0.820432543754578
no-MAD-pure,5629,266,0.616569459438324
no-MAD-pure,5629,267,1.03251218795776
no-MAD-pure,5629,268,0.555756866931915
no-MAD-pure,5629,269,0.490487992763519
no-MAD-pure,5629,270,0.433884829282761
no-MAD-pure,5629,271,0.488635689020157
no-MAD-pure,5629,272,0.478356033563614
no-MAD-pure,5629,273,0.397812455892563
no-MAD-pure,5629,274,0.404703408479691
no-MAD-pure,5629,275,0.453368246555328
no-MAD-pure,5629,276,0.403019040822983
no-MAD-pure,5629,277,0.406517863273621
no-MAD-pure,5629,278,0.430803805589676
no-MAD-pure,5629,279,0.381229847669601
no-MAD-pure,5629,280,0.499005913734436
no-MAD-pure,5629,281,0.402816593647003
no-MAD-pure,5629,282,0.436897873878479
no-MAD-pure,5629,283,0.34493362903595
no-MAD-pure,5629,284,0.359555512666702
no-MAD-pure,5629,285,0.460220217704773
no-MAD-pure,5629,286,0.286838799715042
no-MAD-pure,5629,287,0.247748225927353
no-MAD-pure,5629,288,0.242731004953384
no-MAD-pure,5629,289,0.258183032274246
no-MAD-pure,5629,290,0.257700532674789
no-MAD-pure,5629,291,0.191094443202019
no-MAD-pure,5629,292,0.219912230968475
no-MAD-pure,5629,293,0.182483464479446
no-MAD-pure,5629,294,0.211668208241463
no-MAD-pure,5629,295,0.208711966872215
no-MAD-pure,5629,296,0.178471595048904
no-MAD-pure,5629,297,0.14144004881382
no-MAD-pure,5629,298,0.153338611125946
no-MAD-pure,5629,299,0.182434678077698
no-MAD-pure,5629,300,0.171579167246819
no-MAD-pure,5629,301,0.138787165284157
no-MAD-pure,5629,302,0.127605929970741
no-MAD-pure,5629,303,0.104123763740063
no-MAD-pure,5629,304,0.131158396601677
no-MAD-pure,5629,305,0.143820911645889
no-MAD-pure,5629,306,0.146625742316246
no-MAD-pure,5629,307,0.115332067012787
no-MAD-pure,5629,308,0.10731503367424
no-MAD-pure,5629,309,0.107714392244816
no-MAD-pure,5629,310,0.103343024849892
no-MAD-pure,5629,311,0.0848364979028702
no-MAD-pure,5629,312,0.0848785936832428
no-MAD-pure,5629,313,0.0756077691912651
no-MAD-pure,5629,314,0.0678542852401733
no-MAD-pure,5629,315,0.0650887712836266
no-MAD-pure,5629,316,0.0898947045207024
no-MAD-pure,5629,317,0.0669245049357414
no-MAD-pure,5629,318,0.0833381861448288
no-MAD-pure,5629,319,0.0683558732271194
no-MAD-pure,5629,320,0.0656703561544418
no-MAD-pure,5629,321,0.0571576356887817
no-MAD-pure,5629,322,0.0582765005528927
no-MAD-pure,5629,323,0.0521355271339417
no-MAD-pure,5629,324,0.0564463846385479
no-MAD-pure,5629,325,0.0542936697602272
no-MAD-pure,5629,326,0.0531907230615616
no-MAD-pure,5629,327,0.0431564375758171
no-MAD-pure,5629,328,0.040740966796875
no-MAD-pure,5629,329,0.0391477309167385
no-MAD-pure,5629,330,0.0299980510026217
no-MAD-pure,5629,331,0.0377216599881649
no-MAD-pure,5629,332,0.0386888831853867
no-MAD-pure,5629,333,0.0369874127209187
no-MAD-pure,5629,334,0.0431931093335152
no-MAD-pure,5629,335,0.0333102606236935
no-MAD-pure,5629,336,0.0336185805499554
no-MAD-pure,5629,337,0.0476943328976631
no-MAD-pure,5629,338,0.034552451223135
no-MAD-pure,5629,339,0.0309481211006641
no-MAD-pure,5629,340,0.019830234348774
no-MAD-pure,5629,341,0.0221517477184534
no-MAD-pure,5629,342,0.0204421058297157
no-MAD-pure,5629,343,0.025529257953167
no-MAD-pure,5629,344,0.0239191949367523
no-MAD-pure,5629,345,0.018104350194335
no-MAD-pure,5629,346,0.0219521187245846
no-MAD-pure,5629,347,0.0226606726646423
no-MAD-pure,5629,348,0.0135743003338575
no-MAD-pure,5629,349,0.0146135864779353
no-MAD-pure,5629,350,0.0136010050773621
no-MAD-pure,5629,351,0.0159957986325026
no-MAD-pure,5629,352,0.0153813166543841
no-MAD-pure,5629,353,0.0126072065904737
no-MAD-pure,5629,354,0.0148754920810461
no-MAD-pure,5629,355,0.0110156899318099
no-MAD-pure,5629,356,0.0103365695104003
no-MAD-pure,5629,357,0.014731059782207
no-MAD-pure,5629,358,0.0099168149754405
no-MAD-pure,5629,359,0.0132109671831131
no-MAD-pure,5629,360,0.00943333841860294
no-MAD-pure,5629,361,0.00788144022226334
no-MAD-pure,5629,362,0.00950763002038002
no-MAD-pure,5629,363,0.00870441365987062
no-MAD-pure,5629,364,0.0085892379283905
no-MAD-pure,5629,365,0.00690095312893391
no-MAD-pure,5629,366,0.00693375989794731
no-MAD-pure,5629,367,0.0071178968064487
no-MAD-pure,5629,368,0.00627829041332006
no-MAD-pure,5629,369,0.0066734692081809
no-MAD-pure,5629,370,0.00582144455984235
no-MAD-pure,5629,371,0.00625147204846144
no-MAD-pure,5629,372,0.00522901397198439
no-MAD-pure,5629,373,0.00636295368894935
no-MAD-pure,5629,374,0.00509354425594211
no-MAD-pure,5629,375,0.00457101501524448
no-MAD-pure,5629,376,0.0042467936873436
no-MAD-pure,5629,377,0.00441399402916431
no-MAD-pure,5629,378,0.00366594246588647
no-MAD-pure,5629,379,0.00453514466062188
no-MAD-pure,5629,380,0.00337988627143204
no-MAD-pure,5629,381,0.00313053769059479
no-MAD-pure,5629,382,0.00353569979779422
no-MAD-pure,5629,383,0.00696527771651745
no-MAD-pure,5629,384,0.00311641418375075
no-MAD-pure,5629,385,0.00332956179045141
no-MAD-pure,5629,386,0.00288181868381798
no-MAD-pure,5629,387,0.00304708979092538
no-MAD-pure,5629,388,0.00298569118604064
no-MAD-pure,5629,389,0.00370581890456378
no-MAD-pure,5629,390,0.00240831589326262
no-MAD-pure,5629,391,0.00250904588028789
no-MAD-pure,5629,392,0.00238550384528935
no-MAD-pure,5629,393,0.00195254047866911
no-MAD-pure,5629,394,0.00179548328742385
no-MAD-pure,5629,395,0.00190241239033639
no-MAD-pure,5629,396,0.00276109436526895
no-MAD-pure,5629,397,0.00221931119449437
no-MAD-pure,5629,398,0.00216794456355274
no-MAD-pure,5629,399,0.00372915854677558
no-MAD-pure,5629,400,0.0019502101931721
