variant,seed,reward_variant,reward_full,reward_change_percent,mean_jit_variant,mean_jit_full,mean_jit_change_percent,p95_variant,p95_full,p95_change_percent,miss_variant,miss_full,miss_change_percent
no-MAD-pure,3407,5.13958441583267,5.14143106214326,-0.0359169711363967,12.1273531778923,12.0651177305876,0.515829589850211,83.2422688064568,82.9983282305939,0.293910228149584,0.1777,0.17719,0.287826626784797
no-MAD-pure,4518,5.15974893864237,5.16400859992971,-0.0824874940642299,11.6755549273926,11.5075476466082,1.45997467004998,77.9639863402624,76.9783110472759,1.28045845586444,0.16892,0.16753,0.829702142899764
no-MAD-pure,5629,5.18796633712588,5.18850998506554,-0.010477920274496,10.5612038694859,10.5615424004151,-0.00320531714380736,71.4766520808909,71.5672808607715,-0.126634376478408,0.163455,0.16356,-0.0641966250917058
local-only,3407,5.20351582497657,5.14143106214326,1.20753856431998,9.62099834071991,12.0651177305876,-20.2577334464907,64.2346335168397,82.9983282305939,-22.6073164529569,0.153245,0.17719,-13.5137423105141
local-only,4518,5.1220883449946,5.16400859992971,-0.811777403617738,12.8693166885267,11.5075476466082,11.8337032679582,89.8102562614397,76.9783110472759,16.6695593077939,0.181395,0.16753,8.27612964842119
local-only,5629,5.14534053099746,5.18850998506554,-0.832020256149577,12.1752811820261,10.5615424004151,15.2793855331923,82.4285192648035,71.5672808607715,15.1762624950943,0.178465,0.16356,9.1128637808755
no-adaptive-privacy,3407,5.14104627809694,5.14143106214326,-0.00748398727252125,12.0920505469032,12.0651177305876,0.223228789945982,82.8699620634847,82.9983282305939,-0.154661147815613,0.17765,0.17719,0.259608330041192
no-adaptive-privacy,4518,5.15704830369839,5.16400859992971,-0.134784752903373,11.7626284330172,11.5075476466082,2.21663897680346,78.7642870336892,76.9783110472759,2.32010284730259,0.170125,0.16753,1.54897630275174
no-adaptive-privacy,5629,5.18822471421896,5.18850998506554,-0.00549812657984508,10.5690462648758,10.5615424004151,0.0710489450892487,71.5660172981264,71.5672808607715,-0.00176555910725252,0.163655,0.16356,0.0580826607972511
no-async,3407,5.12576272561862,5.14143106214326,-0.304746603334001,12.9116534174678,12.0651177305876,7.01638977574186,86.8990988353166,82.9983282305939,4.69981828294805,0.18435,0.17719,4.04086009368473
no-async,4518,5.15190163592348,5.16400859992971,-0.234448951273909,11.9953600788785,11.5075476466082,4.23906506625734,82.073498618787,76.9783110472759,6.61899111865662,0.171615,0.16753,2.43836924729898
no-async,5629,5.18814370331779,5.18850998506554,-0.00705947851714137,10.5601548421882,10.5615424004151,-0.0131378370154027,71.7725844320958,71.5672808607715,0.286867921842318,0.16407,0.16356,0.311812179016864
